transaction_id,user_id,product_sku,amount,payment_method,country,transaction_hour,is_fraud
TXN_000001,USER_0166,SKU_00873,65.48,Cash,UK,18,0
TXN_000002,USER_0414,SKU_00173,338.44,PayPal,Germany,12,0
TXN_000003,USER_0186,SKU_00899,17.48,Bank Transfer,UK,20,0
TXN_000004,USER_0032,SKU_00406,135.01,Credit Card,Australia,20,0
TXN_000005,USER_0493,SKU_00155,16.4,Bank Transfer,Germany,0,0
TXN_000006,USER_0066,SKU_00183,453.74,Bank Transfer,France,4,0
TXN_000007,USER_0179,SKU_00323,11.06,PayPal,Australia,21,0
TXN_000008,USER_0267,SKU_00289,114.47,PayPal,UK,10,0
TXN_000009,USER_0443,SKU_00258,131.68,PayPal,USA,10,0
TXN_000010,USER_0404,SKU_00587,101.49,Bank Transfer,Australia,12,0
TXN_000011,USER_0037,SKU_00174,22.71,Cash,Australia,1,0
TXN_000012,USER_0201,SKU_00330,18.99,Bank Transfer,Australia,18,0
TXN_000013,USER_0358,SKU_00231,389.76,PayPal,UK,15,1
TXN_000014,USER_0049,SKU_00759,155.77,Bank Transfer,UK,4,0
TXN_000015,USER_0275,SKU_00161,153.66,PayPal,Germany,13,0
TXN_000016,USER_0439,SKU_00186,173.46,PayPal,France,18,0
TXN_000017,USER_0168,SKU_00903,11.75,Credit Card,Australia,4,0
TXN_000018,USER_0263,SKU_00143,11.4,Cash,Germany,20,0
TXN_000019,USER_0133,SKU_00282,27.9,PayPal,Germany,23,0
TXN_000020,USER_0495,SKU_00907,33.8,Credit Card,France,8,0
TXN_000021,USER_0298,SKU_00640,30.38,Cash,Germany,23,0
TXN_000022,USER_0344,SKU_00678,72.06,PayPal,France,11,0
TXN_000023,USER_0176,SKU_00027,166.54,Cash,USA,15,0
TXN_000024,USER_0489,SKU_00246,40.69,Cash,France,18,0
TXN_000025,USER_0391,SKU_00487,24.16,Bank Transfer,Canada,14,0
TXN_000026,USER_0011,SKU_00647,123.09,Credit Card,France,16,0
TXN_000027,USER_0201,SKU_00897,82.36,Cash,France,14,1
TXN_000028,USER_0433,SKU_00202,60.78,Bank Transfer,Canada,2,0
TXN_000029,USER_0414,SKU_00021,39.15,Cash,France,16,0
TXN_000030,USER_0297,SKU_00591,76.71,Bank Transfer,UK,12,0
TXN_000031,USER_0003,SKU_00670,19.81,PayPal,Germany,8,0
TXN_000032,USER_0214,SKU_00094,112.87,PayPal,Germany,12,0
TXN_000033,USER_0296,SKU_00008,52.84,Bank Transfer,USA,15,0
TXN_000034,USER_0307,SKU_00472,25.42,PayPal,USA,18,0
TXN_000035,USER_0468,SKU_00339,92.85,PayPal,Canada,13,0
TXN_000036,USER_0032,SKU_00259,25.4,PayPal,UK,7,0
TXN_000037,USER_0048,SKU_00055,26.55,Cash,USA,21,0
TXN_000038,USER_0327,SKU_00911,16.42,Bank Transfer,Germany,18,0
TXN_000039,USER_0252,SKU_00548,9.94,Credit Card,USA,23,0
TXN_000040,USER_0199,SKU_00006,93.16,Credit Card,USA,2,0
TXN_000041,USER_0404,SKU_00377,350.3,Bank Transfer,France,22,1
TXN_000042,USER_0089,SKU_00554,34.79,Cash,USA,20,0
TXN_000043,USER_0109,SKU_00050,24.57,PayPal,Canada,17,0
TXN_000044,USER_0291,SKU_00112,8.91,PayPal,Germany,15,0
TXN_000045,USER_0108,SKU_00146,6.21,Cash,Canada,13,0
TXN_000046,USER_0408,SKU_00230,112.93,Credit Card,Canada,15,0
TXN_000047,USER_0040,SKU_00723,7.58,Bank Transfer,Australia,23,0
TXN_000048,USER_0461,SKU_00497,17.39,Bank Transfer,UK,16,0
TXN_000049,USER_0052,SKU_00306,72.49,Cash,Australia,19,0
TXN_000050,USER_0112,SKU_00542,59.72,PayPal,Australia,10,0
TXN_000051,USER_0295,SKU_00461,151.08,PayPal,France,12,1
TXN_000052,USER_0068,SKU_00807,54.98,PayPal,Canada,10,0
TXN_000053,USER_0189,SKU_00628,38.21,Bank Transfer,UK,3,0
TXN_000054,USER_0332,SKU_00908,17.5,Credit Card,Germany,13,0
TXN_000055,USER_0209,SKU_00226,28.96,Bank Transfer,Germany,4,0
TXN_000056,USER_0065,SKU_00059,40.89,Cash,UK,3,0
TXN_000057,USER_0062,SKU_00076,8.25,Bank Transfer,Canada,0,0
TXN_000058,USER_0465,SKU_00428,24.87,Cash,Canada,13,0
TXN_000059,USER_0258,SKU_00728,37.63,Bank Transfer,France,6,0
TXN_000060,USER_0134,SKU_00132,27.41,Credit Card,France,9,0
TXN_000061,USER_0492,SKU_00932,38.76,Cash,Australia,1,0
TXN_000062,USER_0122,SKU_00498,106.56,PayPal,Germany,9,0
TXN_000063,USER_0331,SKU_00816,120.48,PayPal,France,2,0
TXN_000064,USER_0171,SKU_00910,247.49,Bank Transfer,UK,20,0
TXN_000065,USER_0210,SKU_00593,12.09,Bank Transfer,Germany,7,0
TXN_000066,USER_0296,SKU_00305,35.85,Credit Card,Canada,9,0
TXN_000067,USER_0089,SKU_00067,186.34,Credit Card,Germany,7,0
TXN_000068,USER_0167,SKU_00230,9.53,PayPal,USA,13,0
TXN_000069,USER_0028,SKU_00983,16.84,Bank Transfer,Germany,17,0
TXN_000070,USER_0238,SKU_00333,29.5,Cash,France,8,0
TXN_000071,USER_0336,SKU_00905,421.71,Credit Card,UK,21,0
TXN_000072,USER_0063,SKU_00277,41.2,Cash,Canada,8,1
TXN_000073,USER_0448,SKU_00873,161.39,Cash,Canada,3,0
TXN_000074,USER_0255,SKU_00584,53.1,Credit Card,France,2,0
TXN_000075,USER_0396,SKU_00721,17.35,Bank Transfer,France,13,0
TXN_000076,USER_0041,SKU_00784,897.69,Cash,France,13,0
TXN_000077,USER_0029,SKU_00144,66.33,Bank Transfer,USA,20,0
TXN_000078,USER_0279,SKU_00251,79.54,Cash,UK,15,0
TXN_000079,USER_0469,SKU_00796,93.18,Bank Transfer,USA,4,0
TXN_000080,USER_0080,SKU_00691,86.22,Bank Transfer,France,19,0
TXN_000081,USER_0051,SKU_00952,469.69,Bank Transfer,UK,22,0
TXN_000082,USER_0112,SKU_00080,325.69,Bank Transfer,France,23,0
TXN_000083,USER_0361,SKU_00057,21.51,Credit Card,UK,14,0
TXN_000084,USER_0301,SKU_00366,822.1,Cash,Canada,20,1
TXN_000085,USER_0090,SKU_00308,27.11,Bank Transfer,USA,8,0
TXN_000086,USER_0229,SKU_00174,75.36,PayPal,Australia,6,0
TXN_000087,USER_0150,SKU_00462,12.79,Cash,France,12,0
TXN_000088,USER_0243,SKU_00750,153.95,Cash,France,22,0
TXN_000089,USER_0138,SKU_00678,40.15,Bank Transfer,Germany,7,0
TXN_000090,USER_0135,SKU_00596,17.3,Cash,Australia,11,0
TXN_000091,USER_0457,SKU_00493,179.2,PayPal,Canada,3,0
TXN_000092,USER_0089,SKU_00560,229.57,PayPal,France,15,0
TXN_000093,USER_0494,SKU_00639,237.48,PayPal,USA,5,0
TXN_000094,USER_0015,SKU_00681,11.91,Cash,Canada,4,0
TXN_000095,USER_0333,SKU_00866,263.37,Cash,France,0,0
TXN_000096,USER_0362,SKU_00374,40.43,Bank Transfer,USA,13,0
TXN_000097,USER_0174,SKU_00955,424.75,Cash,Germany,8,0
TXN_000098,USER_0090,SKU_00349,102.0,Cash,Germany,17,0
TXN_000099,USER_0213,SKU_00067,70.2,Bank Transfer,USA,5,0
TXN_000100,USER_0343,SKU_00330,55.07,PayPal,Canada,14,0
TXN_000101,USER_0061,SKU_00852,53.86,Bank Transfer,USA,15,0
TXN_000102,USER_0364,SKU_00194,27.67,Credit Card,Australia,7,0
TXN_000103,USER_0220,SKU_00155,18.76,Cash,USA,18,0
TXN_000104,USER_0061,SKU_00160,37.99,Cash,Germany,4,0
TXN_000105,USER_0307,SKU_00696,179.63,Credit Card,Germany,13,0
TXN_000106,USER_0166,SKU_00266,13.51,Credit Card,Germany,6,0
TXN_000107,USER_0012,SKU_00168,208.65,Credit Card,Australia,3,0
TXN_000108,USER_0216,SKU_00145,63.02,Bank Transfer,France,20,0
TXN_000109,USER_0077,SKU_00186,119.28,PayPal,Australia,0,0
TXN_000110,USER_0232,SKU_00886,125.61,Bank Transfer,France,3,0
TXN_000111,USER_0112,SKU_00865,138.15,Credit Card,Australia,13,0
TXN_000112,USER_0066,SKU_00774,55.84,Bank Transfer,UK,22,0
TXN_000113,USER_0182,SKU_00423,57.53,Cash,France,15,0
TXN_000114,USER_0423,SKU_00786,133.5,Bank Transfer,Canada,6,0
TXN_000115,USER_0204,SKU_00457,19.27,Credit Card,Canada,9,0
TXN_000116,USER_0423,SKU_00840,16.54,Cash,Germany,9,0
TXN_000117,USER_0371,SKU_00345,34.31,PayPal,Australia,3,0
TXN_000118,USER_0206,SKU_00735,72.83,Bank Transfer,USA,11,0
TXN_000119,USER_0286,SKU_00554,372.74,Bank Transfer,Germany,5,0
TXN_000120,USER_0105,SKU_00516,57.28,Credit Card,USA,12,0
TXN_000121,USER_0242,SKU_00788,403.49,PayPal,Australia,20,0
TXN_000122,USER_0235,SKU_00796,91.42,Cash,Germany,0,0
TXN_000123,USER_0176,SKU_00936,34.69,Credit Card,Germany,7,0
TXN_000124,USER_0211,SKU_00705,171.93,Credit Card,Canada,22,0
TXN_000125,USER_0031,SKU_00104,42.83,Bank Transfer,USA,15,0
TXN_000126,USER_0235,SKU_00247,70.19,PayPal,UK,4,0
TXN_000127,USER_0242,SKU_00812,14.35,Credit Card,UK,6,0
TXN_000128,USER_0491,SKU_00023,12.08,Bank Transfer,Germany,2,0
TXN_000129,USER_0153,SKU_00953,94.98,Cash,Australia,23,0
TXN_000130,USER_0196,SKU_00815,164.63,Credit Card,Germany,20,0
TXN_000131,USER_0498,SKU_00525,382.09,Cash,Canada,1,0
TXN_000132,USER_0435,SKU_00144,24.3,Cash,USA,1,0
TXN_000133,USER_0269,SKU_00730,235.98,Bank Transfer,Germany,19,0
TXN_000134,USER_0484,SKU_00695,203.25,PayPal,Australia,22,0
TXN_000135,USER_0447,SKU_00863,66.82,Cash,UK,9,1
TXN_000136,USER_0384,SKU_00754,218.78,Credit Card,USA,19,0
TXN_000137,USER_0170,SKU_00193,140.36,PayPal,Germany,8,0
TXN_000138,USER_0438,SKU_00465,342.18,PayPal,USA,17,1
TXN_000139,USER_0357,SKU_00784,476.93,Bank Transfer,Canada,5,0
TXN_000140,USER_0323,SKU_00375,164.13,Credit Card,UK,19,0
TXN_000141,USER_0336,SKU_00677,6.44,Credit Card,Australia,5,0
TXN_000142,USER_0474,SKU_00692,75.38,Bank Transfer,USA,9,0
TXN_000143,USER_0232,SKU_00629,11.4,Bank Transfer,UK,8,0
TXN_000144,USER_0184,SKU_00266,63.53,PayPal,Germany,8,0
TXN_000145,USER_0359,SKU_00378,59.96,Cash,Australia,2,0
TXN_000146,USER_0275,SKU_00550,30.46,Cash,Australia,11,0
TXN_000147,USER_0430,SKU_00556,19.54,Cash,France,10,0
TXN_000148,USER_0399,SKU_00863,32.13,Cash,USA,13,0
TXN_000149,USER_0032,SKU_00074,38.97,Credit Card,UK,18,0
TXN_000150,USER_0177,SKU_00438,47.86,Credit Card,USA,9,0
TXN_000151,USER_0405,SKU_00881,60.67,Bank Transfer,Germany,18,0
TXN_000152,USER_0065,SKU_00226,98.03,Bank Transfer,Germany,4,0
TXN_000153,USER_0198,SKU_00819,39.94,Cash,Australia,21,0
TXN_000154,USER_0027,SKU_00308,196.3,Bank Transfer,Australia,8,0
TXN_000155,USER_0151,SKU_00966,52.55,Credit Card,UK,0,0
TXN_000156,USER_0303,SKU_00348,137.62,Cash,Canada,14,0
TXN_000157,USER_0479,SKU_00476,40.27,Cash,USA,23,0
TXN_000158,USER_0268,SKU_00315,848.7,Credit Card,USA,3,0
TXN_000159,USER_0085,SKU_00525,87.12,PayPal,Germany,6,0
TXN_000160,USER_0066,SKU_00425,280.14,Cash,USA,5,0
TXN_000161,USER_0133,SKU_00524,27.28,Bank Transfer,UK,14,0
TXN_000162,USER_0393,SKU_00562,34.91,PayPal,France,5,0
TXN_000163,USER_0404,SKU_00825,42.43,Credit Card,Australia,6,0
TXN_000164,USER_0366,SKU_00946,647.42,PayPal,Germany,19,0
TXN_000165,USER_0082,SKU_00249,44.14,PayPal,Australia,21,0
TXN_000166,USER_0381,SKU_00631,23.96,Cash,Australia,2,0
TXN_000167,USER_0319,SKU_00569,200.52,PayPal,Australia,20,0
TXN_000168,USER_0470,SKU_00182,115.82,Bank Transfer,France,12,1
TXN_000169,USER_0328,SKU_00962,43.9,Cash,USA,1,0
TXN_000170,USER_0098,SKU_00776,29.66,Credit Card,Canada,2,0
TXN_000171,USER_0073,SKU_00106,89.02,Bank Transfer,Australia,12,0
TXN_000172,USER_0327,SKU_00191,158.01,Cash,UK,8,0
TXN_000173,USER_0030,SKU_00137,120.07,PayPal,Australia,21,0
TXN_000174,USER_0125,SKU_00700,33.81,Bank Transfer,Australia,18,0
TXN_000175,USER_0210,SKU_00120,20.33,Cash,USA,17,0
TXN_000176,USER_0475,SKU_00754,0.98,Cash,UK,4,0
TXN_000177,USER_0272,SKU_00831,21.21,Credit Card,USA,9,0
TXN_000178,USER_0213,SKU_00072,37.63,Cash,Australia,13,0
TXN_000179,USER_0133,SKU_00755,51.47,Credit Card,USA,20,0
TXN_000180,USER_0157,SKU_00131,41.65,PayPal,USA,16,0
TXN_000181,USER_0047,SKU_00457,898.64,Cash,Germany,2,0
TXN_000182,USER_0357,SKU_00781,89.24,Cash,France,6,0
TXN_000183,USER_0363,SKU_00905,15.84,PayPal,Canada,8,0
TXN_000184,USER_0382,SKU_00479,105.17,Cash,France,4,0
TXN_000185,USER_0022,SKU_00985,80.76,Cash,France,3,0
TXN_000186,USER_0462,SKU_00052,19.11,Bank Transfer,UK,2,0
TXN_000187,USER_0441,SKU_00574,72.88,Credit Card,Germany,12,0
TXN_000188,USER_0083,SKU_00119,92.77,Cash,Germany,8,0
TXN_000189,USER_0419,SKU_00877,152.09,Cash,USA,22,0
TXN_000190,USER_0472,SKU_00264,9.25,Credit Card,France,6,0
TXN_000191,USER_0234,SKU_00239,104.38,Bank Transfer,Canada,7,0
TXN_000192,USER_0060,SKU_00351,223.61,Credit Card,UK,9,0
TXN_000193,USER_0454,SKU_00893,360.57,Cash,Germany,0,0
TXN_000194,USER_0188,SKU_00255,16.02,PayPal,USA,19,0
TXN_000195,USER_0058,SKU_00685,47.18,PayPal,Canada,20,0
TXN_000196,USER_0259,SKU_00309,51.98,Bank Transfer,France,20,0
TXN_000197,USER_0162,SKU_00749,107.29,Bank Transfer,Canada,0,0
TXN_000198,USER_0301,SKU_00831,46.31,Cash,Germany,18,0
TXN_000199,USER_0306,SKU_00607,26.7,Bank Transfer,UK,1,0
TXN_000200,USER_0002,SKU_00849,67.84,Cash,France,11,0
TXN_000201,USER_0271,SKU_00495,38.96,PayPal,UK,22,0
TXN_000202,USER_0421,SKU_00057,95.79,Bank Transfer,Australia,12,0
TXN_000203,USER_0143,SKU_00950,24.3,Cash,Canada,13,0
TXN_000204,USER_0188,SKU_00403,19.64,Credit Card,Canada,4,0
TXN_000205,USER_0352,SKU_00067,203.45,Bank Transfer,USA,2,0
TXN_000206,USER_0341,SKU_00046,529.81,Cash,France,23,0
TXN_000207,USER_0448,SKU_00606,337.74,Cash,Canada,16,0
TXN_000208,USER_0465,SKU_00650,50.81,Credit Card,Germany,0,0
TXN_000209,USER_0482,SKU_00369,156.82,PayPal,Australia,13,0
TXN_000210,USER_0224,SKU_00605,27.49,Credit Card,Germany,5,0
TXN_000211,USER_0498,SKU_00232,90.76,Cash,UK,16,0
TXN_000212,USER_0367,SKU_00402,30.45,Credit Card,Australia,3,0
TXN_000213,USER_0180,SKU_00908,191.81,Credit Card,Australia,5,0
TXN_000214,USER_0023,SKU_00561,167.92,Cash,Germany,0,0
TXN_000215,USER_0355,SKU_00023,435.26,PayPal,Canada,8,0
TXN_000216,USER_0037,SKU_00574,43.41,Credit Card,Germany,3,0
TXN_000217,USER_0107,SKU_00267,264.82,Credit Card,France,8,0
TXN_000218,USER_0297,SKU_00841,90.6,Bank Transfer,UK,8,0
TXN_000219,USER_0229,SKU_00118,58.87,Bank Transfer,Australia,21,0
TXN_000220,USER_0313,SKU_00952,76.48,Cash,France,12,0
TXN_000221,USER_0097,SKU_00600,596.54,Cash,Canada,22,1
TXN_000222,USER_0281,SKU_00601,47.85,Cash,Canada,16,0
TXN_000223,USER_0110,SKU_00055,50.35,Bank Transfer,Germany,20,0
TXN_000224,USER_0037,SKU_00153,6.92,Cash,USA,2,0
TXN_000225,USER_0040,SKU_00239,47.13,Credit Card,Australia,5,0
TXN_000226,USER_0085,SKU_00265,71.12,Credit Card,Australia,19,0
TXN_000227,USER_0302,SKU_00268,25.48,PayPal,USA,14,0
TXN_000228,USER_0188,SKU_00907,19.93,Cash,Canada,13,0
TXN_000229,USER_0240,SKU_00113,8.57,Credit Card,Canada,12,0
TXN_000230,USER_0358,SKU_00166,30.43,Credit Card,Australia,8,0
TXN_000231,USER_0488,SKU_00668,226.15,PayPal,UK,22,0
TXN_000232,USER_0354,SKU_00008,12.41,Credit Card,Australia,14,0
TXN_000233,USER_0019,SKU_00714,120.18,PayPal,Canada,13,0
TXN_000234,USER_0347,SKU_00217,131.54,PayPal,Canada,3,0
TXN_000235,USER_0393,SKU_00431,634.52,Bank Transfer,UK,10,0
TXN_000236,USER_0325,SKU_00292,154.22,Credit Card,France,21,0
TXN_000237,USER_0261,SKU_00893,141.82,Bank Transfer,France,1,0
TXN_000238,USER_0473,SKU_00050,78.86,Credit Card,UK,15,0
TXN_000239,USER_0410,SKU_00107,54.64,Bank Transfer,UK,18,0
TXN_000240,USER_0403,SKU_00009,128.02,PayPal,France,15,0
TXN_000241,USER_0158,SKU_00745,190.32,PayPal,France,6,0
TXN_000242,USER_0484,SKU_00700,64.75,PayPal,France,10,0
TXN_000243,USER_0304,SKU_00456,198.72,PayPal,France,11,0
TXN_000244,USER_0112,SKU_00323,975.75,Credit Card,Australia,3,0
TXN_000245,USER_0144,SKU_00309,58.61,Cash,Australia,15,0
TXN_000246,USER_0256,SKU_00850,60.28,Credit Card,Germany,15,0
TXN_000247,USER_0455,SKU_00622,49.79,Bank Transfer,UK,6,0
TXN_000248,USER_0018,SKU_00995,62.41,Credit Card,USA,12,0
TXN_000249,USER_0184,SKU_00145,185.51,Credit Card,Germany,4,0
TXN_000250,USER_0405,SKU_00740,59.56,Bank Transfer,USA,0,0
TXN_000251,USER_0287,SKU_00821,65.97,PayPal,USA,4,0
TXN_000252,USER_0385,SKU_00412,42.54,Bank Transfer,Canada,21,0
TXN_000253,USER_0131,SKU_00114,89.04,Bank Transfer,UK,13,0
TXN_000254,USER_0479,SKU_00575,33.01,Cash,Australia,10,0
TXN_000255,USER_0281,SKU_00399,16.02,Cash,Germany,1,0
TXN_000256,USER_0245,SKU_00275,85.43,PayPal,UK,23,0
TXN_000257,USER_0008,SKU_00124,395.2,Bank Transfer,France,17,0
TXN_000258,USER_0193,SKU_00086,40.86,Bank Transfer,UK,14,0
TXN_000259,USER_0318,SKU_00582,19.27,Bank Transfer,USA,13,0
TXN_000260,USER_0391,SKU_00047,741.58,Credit Card,Australia,12,1
TXN_000261,USER_0007,SKU_00711,57.14,Cash,France,1,0
TXN_000262,USER_0136,SKU_00876,140.41,Cash,UK,18,0
TXN_000263,USER_0019,SKU_00944,26.34,PayPal,UK,7,0
TXN_000264,USER_0401,SKU_00201,55.13,Cash,Australia,21,0
TXN_000265,USER_0139,SKU_00276,443.06,Cash,USA,16,1
TXN_000266,USER_0367,SKU_00549,62.23,PayPal,France,14,0
TXN_000267,USER_0489,SKU_00715,63.0,Bank Transfer,USA,19,0
TXN_000268,USER_0177,SKU_00130,12.32,Credit Card,Australia,20,0
TXN_000269,USER_0011,SKU_00448,119.95,PayPal,UK,13,0
TXN_000270,USER_0486,SKU_00982,24.88,Cash,Germany,2,0
TXN_000271,USER_0041,SKU_00804,167.29,PayPal,Germany,16,0
TXN_000272,USER_0446,SKU_00389,66.85,Cash,Canada,2,0
TXN_000273,USER_0114,SKU_00576,73.06,Bank Transfer,Germany,12,0
TXN_000274,USER_0180,SKU_00263,118.22,Bank Transfer,Australia,17,0
TXN_000275,USER_0194,SKU_00966,79.46,Bank Transfer,Australia,0,0
TXN_000276,USER_0196,SKU_00632,304.43,Cash,Australia,6,0
TXN_000277,USER_0498,SKU_00278,259.83,PayPal,France,22,0
TXN_000278,USER_0348,SKU_00714,16.16,Cash,Canada,4,0
TXN_000279,USER_0225,SKU_00046,46.03,Bank Transfer,France,1,0
TXN_000280,USER_0331,SKU_00168,126.03,Bank Transfer,Germany,16,0
TXN_000281,USER_0323,SKU_00445,21.27,Bank Transfer,Germany,20,0
TXN_000282,USER_0424,SKU_00622,11.38,Cash,UK,9,0
TXN_000283,USER_0261,SKU_00046,25.53,Credit Card,France,3,0
TXN_000284,USER_0116,SKU_00724,97.32,Bank Transfer,USA,8,1
TXN_000285,USER_0469,SKU_00540,0.94,PayPal,UK,20,0
TXN_000286,USER_0150,SKU_00087,17.92,Bank Transfer,France,10,0
TXN_000287,USER_0118,SKU_00803,9.22,Cash,Australia,11,0
TXN_000288,USER_0165,SKU_00385,171.86,PayPal,Canada,11,0
TXN_000289,USER_0252,SKU_00669,138.58,Cash,France,17,0
TXN_000290,USER_0267,SKU_00265,72.14,Credit Card,Canada,3,0
TXN_000291,USER_0044,SKU_00777,60.34,Credit Card,Canada,8,0
TXN_000292,USER_0470,SKU_00022,94.14,Cash,Germany,7,0
TXN_000293,USER_0489,SKU_00768,20.12,Bank Transfer,USA,18,0
TXN_000294,USER_0181,SKU_00703,191.12,PayPal,France,23,0
TXN_000295,USER_0077,SKU_00450,59.92,Bank Transfer,USA,12,0
TXN_000296,USER_0374,SKU_00976,136.67,Cash,Canada,1,0
TXN_000297,USER_0116,SKU_00232,262.32,Cash,Germany,18,1
TXN_000298,USER_0445,SKU_00186,93.14,Bank Transfer,USA,13,0
TXN_000299,USER_0067,SKU_00326,74.66,PayPal,UK,4,0
TXN_000300,USER_0013,SKU_00183,69.3,PayPal,Canada,9,0
TXN_000301,USER_0092,SKU_00397,51.27,PayPal,UK,23,0
TXN_000302,USER_0246,SKU_00481,88.5,PayPal,Australia,16,0
TXN_000303,USER_0267,SKU_00403,67.1,PayPal,USA,19,0
TXN_000304,USER_0139,SKU_00463,33.55,Credit Card,USA,15,0
TXN_000305,USER_0341,SKU_00417,100.46,Credit Card,USA,16,0
TXN_000306,USER_0244,SKU_00202,72.28,Cash,Australia,0,0
TXN_000307,USER_0341,SKU_00065,183.06,Credit Card,France,20,0
TXN_000308,USER_0391,SKU_00956,8.93,PayPal,Canada,21,0
TXN_000309,USER_0273,SKU_00908,56.61,PayPal,Canada,14,0
TXN_000310,USER_0304,SKU_00555,26.45,PayPal,Canada,16,0
TXN_000311,USER_0398,SKU_00733,32.54,Cash,France,10,0
TXN_000312,USER_0191,SKU_00017,95.56,Cash,USA,21,0
TXN_000313,USER_0448,SKU_00836,12.99,Bank Transfer,USA,4,0
TXN_000314,USER_0097,SKU_00797,62.37,Credit Card,Australia,3,0
TXN_000315,USER_0331,SKU_00183,56.29,Credit Card,UK,20,0
TXN_000316,USER_0205,SKU_00391,19.11,Bank Transfer,France,23,0
TXN_000317,USER_0449,SKU_00044,63.95,Bank Transfer,Germany,8,0
TXN_000318,USER_0418,SKU_00973,25.49,Credit Card,France,15,0
TXN_000319,USER_0137,SKU_00901,491.51,PayPal,Australia,11,0
TXN_000320,USER_0077,SKU_00700,181.63,Credit Card,UK,17,0
TXN_000321,USER_0384,SKU_00902,58.4,PayPal,UK,21,0
TXN_000322,USER_0037,SKU_00482,35.45,Cash,UK,2,0
TXN_000323,USER_0286,SKU_00263,90.38,Credit Card,USA,14,0
TXN_000324,USER_0425,SKU_00174,117.62,Credit Card,Germany,17,0
TXN_000325,USER_0429,SKU_00441,70.42,Cash,UK,11,0
TXN_000326,USER_0485,SKU_00566,19.78,Cash,Canada,12,0
TXN_000327,USER_0303,SKU_00220,44.27,Cash,USA,0,0
TXN_000328,USER_0135,SKU_00558,59.03,Cash,Germany,3,0
TXN_000329,USER_0142,SKU_00394,72.99,Cash,Canada,7,0
TXN_000330,USER_0254,SKU_00772,74.69,Bank Transfer,Germany,18,0
TXN_000331,USER_0048,SKU_00195,113.39,Bank Transfer,Australia,20,0
TXN_000332,USER_0255,SKU_00409,208.87,Cash,Germany,20,0
TXN_000333,USER_0134,SKU_00471,150.29,Cash,Canada,4,0
TXN_000334,USER_0290,SKU_00347,98.53,Cash,France,10,0
TXN_000335,USER_0208,SKU_00462,15.52,Cash,Germany,23,0
TXN_000336,USER_0499,SKU_00061,178.81,PayPal,France,23,0
TXN_000337,USER_0101,SKU_00166,123.82,PayPal,Germany,16,0
TXN_000338,USER_0484,SKU_00672,42.28,Cash,Australia,16,0
TXN_000339,USER_0046,SKU_00151,56.25,Cash,Canada,1,0
TXN_000340,USER_0443,SKU_00111,58.3,Credit Card,Germany,23,0
TXN_000341,USER_0070,SKU_00488,35.24,Cash,UK,0,0
TXN_000342,USER_0136,SKU_00549,19.02,Cash,Australia,3,1
TXN_000343,USER_0280,SKU_00003,17.88,Bank Transfer,UK,8,0
TXN_000344,USER_0067,SKU_00483,22.05,PayPal,Australia,1,0
TXN_000345,USER_0004,SKU_00013,7.63,Cash,Australia,2,0
TXN_000346,USER_0224,SKU_00162,17.93,PayPal,Germany,5,0
TXN_000347,USER_0001,SKU_00344,170.92,PayPal,Canada,12,0
TXN_000348,USER_0290,SKU_00449,88.76,Credit Card,Canada,14,0
TXN_000349,USER_0109,SKU_00332,20.68,PayPal,USA,10,0
TXN_000350,USER_0265,SKU_00264,27.43,PayPal,Canada,9,0
TXN_000351,USER_0063,SKU_00083,186.64,Cash,France,2,0
TXN_000352,USER_0460,SKU_00777,182.08,Bank Transfer,Germany,19,0
TXN_000353,USER_0266,SKU_00924,58.55,Cash,UK,8,0
TXN_000354,USER_0138,SKU_00334,176.76,Cash,Canada,9,0
TXN_000355,USER_0434,SKU_00380,25.38,Bank Transfer,UK,20,0
TXN_000356,USER_0044,SKU_00219,137.08,Bank Transfer,USA,22,1
TXN_000357,USER_0374,SKU_00658,12.5,Credit Card,Germany,23,0
TXN_000358,USER_0432,SKU_00810,37.93,Bank Transfer,Canada,22,0
TXN_000359,USER_0471,SKU_00809,56.15,Cash,UK,11,0
TXN_000360,USER_0262,SKU_00454,10.12,Bank Transfer,Australia,7,0
TXN_000361,USER_0216,SKU_00673,98.8,Bank Transfer,Canada,20,0
TXN_000362,USER_0121,SKU_00741,116.77,Bank Transfer,USA,20,0
TXN_000363,USER_0152,SKU_00746,150.07,PayPal,Australia,20,0
TXN_000364,USER_0213,SKU_00089,563.54,Credit Card,UK,16,0
TXN_000365,USER_0234,SKU_00333,82.82,PayPal,UK,21,0
TXN_000366,USER_0351,SKU_00310,51.21,PayPal,Germany,4,0
TXN_000367,USER_0111,SKU_00727,11.0,Credit Card,Germany,23,0
TXN_000368,USER_0442,SKU_00420,80.8,PayPal,UK,7,0
TXN_000369,USER_0361,SKU_00609,95.53,Bank Transfer,Australia,17,0
TXN_000370,USER_0320,SKU_00725,14.07,Credit Card,Germany,10,0
TXN_000371,USER_0222,SKU_00354,42.94,PayPal,UK,21,0
TXN_000372,USER_0440,SKU_00824,55.21,Cash,Australia,9,0
TXN_000373,USER_0226,SKU_00100,92.71,PayPal,France,14,0
TXN_000374,USER_0210,SKU_00145,128.54,Cash,Canada,5,0
TXN_000375,USER_0396,SKU_00010,31.93,Bank Transfer,France,18,0
TXN_000376,USER_0419,SKU_00983,66.78,Cash,France,16,0
TXN_000377,USER_0071,SKU_00044,96.91,PayPal,Canada,22,0
TXN_000378,USER_0489,SKU_00763,45.52,PayPal,UK,9,0
TXN_000379,USER_0360,SKU_00386,35.82,PayPal,UK,4,0
TXN_000380,USER_0089,SKU_00739,111.34,Credit Card,Germany,15,0
TXN_000381,USER_0262,SKU_00910,45.71,Credit Card,USA,11,0
TXN_000382,USER_0449,SKU_00761,16.49,PayPal,UK,20,0
TXN_000383,USER_0366,SKU_00495,215.52,PayPal,Canada,23,0
TXN_000384,USER_0464,SKU_00493,18.42,Bank Transfer,USA,4,0
TXN_000385,USER_0188,SKU_00169,49.67,Credit Card,Canada,20,0
TXN_000386,USER_0112,SKU_00642,75.32,Credit Card,Canada,0,0
TXN_000387,USER_0452,SKU_00531,86.07,Credit Card,Canada,1,0
TXN_000388,USER_0413,SKU_00336,64.69,Cash,USA,4,0
TXN_000389,USER_0422,SKU_00747,2.88,PayPal,France,22,0
TXN_000390,USER_0239,SKU_00857,27.04,Bank Transfer,Australia,18,0
TXN_000391,USER_0476,SKU_00513,146.86,Bank Transfer,Canada,14,1
TXN_000392,USER_0256,SKU_00130,48.96,PayPal,Germany,0,0
TXN_000393,USER_0150,SKU_00539,91.07,PayPal,UK,10,0
TXN_000394,USER_0127,SKU_00514,151.64,Bank Transfer,Australia,17,0
TXN_000395,USER_0392,SKU_00250,90.62,Cash,UK,2,0
TXN_000396,USER_0319,SKU_00734,26.34,Bank Transfer,UK,8,0
TXN_000397,USER_0480,SKU_00947,31.86,Cash,USA,23,0
TXN_000398,USER_0481,SKU_00138,279.06,Cash,Germany,3,0
TXN_000399,USER_0397,SKU_00275,45.64,Credit Card,Germany,23,0
TXN_000400,USER_0411,SKU_00464,49.63,PayPal,Australia,12,0
TXN_000401,USER_0402,SKU_00141,90.91,Credit Card,Germany,8,0
TXN_000402,USER_0274,SKU_00944,188.15,Cash,Germany,2,0
TXN_000403,USER_0333,SKU_00256,22.17,Bank Transfer,Germany,15,0
TXN_000404,USER_0470,SKU_00882,33.24,Credit Card,Australia,21,0
TXN_000405,USER_0446,SKU_00824,10.98,Bank Transfer,France,7,0
TXN_000406,USER_0398,SKU_00456,40.59,Cash,Germany,6,0
TXN_000407,USER_0139,SKU_00952,96.31,Bank Transfer,Germany,22,0
TXN_000408,USER_0103,SKU_00434,37.93,Credit Card,USA,16,0
TXN_000409,USER_0242,SKU_00607,317.29,Cash,USA,15,0
TXN_000410,USER_0117,SKU_00173,61.33,PayPal,Germany,20,0
TXN_000411,USER_0214,SKU_00473,49.29,Credit Card,France,21,0
TXN_000412,USER_0484,SKU_00955,38.39,Credit Card,Germany,17,0
TXN_000413,USER_0017,SKU_00423,14.02,PayPal,Germany,15,0
TXN_000414,USER_0179,SKU_00917,49.88,Cash,Germany,14,0
TXN_000415,USER_0224,SKU_00439,78.13,PayPal,Canada,1,0
TXN_000416,USER_0270,SKU_00057,48.52,Credit Card,France,19,0
TXN_000417,USER_0490,SKU_00498,68.79,Cash,UK,3,0
TXN_000418,USER_0313,SKU_00614,27.92,Bank Transfer,Germany,4,0
TXN_000419,USER_0349,SKU_00169,15.73,Credit Card,UK,6,0
TXN_000420,USER_0134,SKU_00989,49.1,Bank Transfer,France,14,0
TXN_000421,USER_0114,SKU_00582,136.14,PayPal,Germany,16,1
TXN_000422,USER_0441,SKU_00850,46.12,Cash,UK,9,0
TXN_000423,USER_0132,SKU_00561,66.92,PayPal,Australia,19,0
TXN_000424,USER_0139,SKU_00428,118.71,Bank Transfer,UK,8,0
TXN_000425,USER_0365,SKU_00419,118.25,Credit Card,France,15,0
TXN_000426,USER_0232,SKU_00347,128.69,Cash,Germany,23,0
TXN_000427,USER_0458,SKU_00517,149.21,PayPal,Canada,2,0
TXN_000428,USER_0375,SKU_00455,89.75,Bank Transfer,France,21,0
TXN_000429,USER_0092,SKU_00714,77.97,Bank Transfer,Canada,8,0
TXN_000430,USER_0267,SKU_00202,381.06,Credit Card,Germany,7,0
TXN_000431,USER_0099,SKU_00179,119.54,Bank Transfer,UK,22,0
TXN_000432,USER_0207,SKU_00057,23.45,Cash,Australia,6,0
TXN_000433,USER_0008,SKU_00698,8.47,Bank Transfer,Australia,16,0
TXN_000434,USER_0468,SKU_00604,42.9,Credit Card,France,4,0
TXN_000435,USER_0370,SKU_00804,101.98,PayPal,France,6,0
TXN_000436,USER_0443,SKU_00906,142.44,Cash,France,12,0
TXN_000437,USER_0405,SKU_00946,15.64,PayPal,USA,17,0
TXN_000438,USER_0321,SKU_00995,113.23,PayPal,Australia,21,0
TXN_000439,USER_0093,SKU_00501,169.81,Bank Transfer,Australia,13,0
TXN_000440,USER_0408,SKU_00739,100.36,Bank Transfer,Germany,17,0
TXN_000441,USER_0158,SKU_00933,82.74,Credit Card,USA,2,0
TXN_000442,USER_0360,SKU_00112,47.81,Bank Transfer,France,16,0
TXN_000443,USER_0099,SKU_00148,34.47,Bank Transfer,France,18,0
TXN_000444,USER_0225,SKU_00781,119.77,PayPal,Canada,6,0
TXN_000445,USER_0340,SKU_00715,97.84,Cash,USA,20,0
TXN_000446,USER_0441,SKU_00378,39.36,Bank Transfer,UK,3,0
TXN_000447,USER_0208,SKU_00877,693.75,Cash,Australia,14,0
TXN_000448,USER_0073,SKU_00915,12.06,Bank Transfer,Germany,23,0
TXN_000449,USER_0479,SKU_00348,43.29,Bank Transfer,UK,7,0
TXN_000450,USER_0401,SKU_00358,25.24,Credit Card,UK,15,0
TXN_000451,USER_0059,SKU_00056,80.17,Bank Transfer,Germany,0,0
TXN_000452,USER_0287,SKU_00813,7.78,Credit Card,France,15,0
TXN_000453,USER_0064,SKU_00316,194.27,PayPal,Australia,1,0
TXN_000454,USER_0256,SKU_00964,149.22,Cash,Canada,1,0
TXN_000455,USER_0048,SKU_00185,71.33,Bank Transfer,France,7,0
TXN_000456,USER_0279,SKU_00054,40.03,Credit Card,France,11,0
TXN_000457,USER_0198,SKU_00037,111.76,PayPal,USA,10,0
TXN_000458,USER_0158,SKU_00723,75.85,Bank Transfer,UK,5,0
TXN_000459,USER_0311,SKU_00805,141.46,Credit Card,UK,18,0
TXN_000460,USER_0007,SKU_00270,48.31,Credit Card,Australia,17,0
TXN_000461,USER_0248,SKU_00863,45.54,PayPal,UK,4,0
TXN_000462,USER_0368,SKU_00732,160.41,Bank Transfer,Canada,14,0
TXN_000463,USER_0232,SKU_00508,102.89,Bank Transfer,Canada,7,0
TXN_000464,USER_0106,SKU_00228,45.88,Cash,Canada,5,0
TXN_000465,USER_0494,SKU_00428,78.87,Bank Transfer,Germany,11,0
TXN_000466,USER_0459,SKU_00870,65.68,Credit Card,Australia,18,0
TXN_000467,USER_0098,SKU_00723,87.11,Cash,Canada,11,0
TXN_000468,USER_0268,SKU_00810,194.31,Cash,USA,11,0
TXN_000469,USER_0060,SKU_00001,38.48,Bank Transfer,USA,8,0
TXN_000470,USER_0308,SKU_00023,28.66,Cash,France,23,0
TXN_000471,USER_0493,SKU_00503,71.79,Credit Card,France,9,0
TXN_000472,USER_0495,SKU_00448,31.93,Credit Card,Australia,21,0
TXN_000473,USER_0411,SKU_00796,21.96,PayPal,France,16,0
TXN_000474,USER_0140,SKU_00496,147.46,Credit Card,France,17,0
TXN_000475,USER_0397,SKU_00900,40.97,PayPal,USA,15,0
TXN_000476,USER_0328,SKU_00425,8.43,Cash,France,3,0
TXN_000477,USER_0464,SKU_00700,127.41,PayPal,USA,17,0
TXN_000478,USER_0190,SKU_00018,35.23,Bank Transfer,Canada,2,0
TXN_000479,USER_0125,SKU_00959,97.3,PayPal,Canada,15,0
TXN_000480,USER_0413,SKU_00445,161.33,Bank Transfer,Australia,13,0
TXN_000481,USER_0163,SKU_00561,66.0,Cash,Germany,23,0
TXN_000482,USER_0060,SKU_00559,7.13,PayPal,France,8,0
TXN_000483,USER_0413,SKU_00627,7.66,Credit Card,Canada,5,0
TXN_000484,USER_0031,SKU_00039,27.87,Bank Transfer,Canada,3,0
TXN_000485,USER_0333,SKU_00729,51.58,Cash,Australia,1,0
TXN_000486,USER_0076,SKU_00210,181.3,Credit Card,UK,22,0
TXN_000487,USER_0243,SKU_00774,73.06,Bank Transfer,UK,9,0
TXN_000488,USER_0317,SKU_00211,747.9,Cash,Australia,10,0
TXN_000489,USER_0258,SKU_00565,12.29,Cash,USA,6,0
TXN_000490,USER_0417,SKU_00972,61.64,Credit Card,Germany,4,0
TXN_000491,USER_0456,SKU_00281,34.97,Cash,Australia,3,0
TXN_000492,USER_0190,SKU_00867,69.04,PayPal,UK,5,0
TXN_000493,USER_0489,SKU_00833,314.72,Cash,Germany,1,0
TXN_000494,USER_0377,SKU_00133,335.26,Bank Transfer,Canada,1,0
TXN_000495,USER_0315,SKU_00449,115.3,Bank Transfer,Australia,15,1
TXN_000496,USER_0296,SKU_00264,129.22,Bank Transfer,USA,22,0
TXN_000497,USER_0177,SKU_00807,67.73,PayPal,Germany,22,0
TXN_000498,USER_0489,SKU_00111,18.63,Credit Card,UK,12,0
TXN_000499,USER_0288,SKU_00555,55.39,PayPal,Canada,20,0
TXN_000500,USER_0294,SKU_00850,32.95,PayPal,Australia,6,0
TXN_000501,USER_0348,SKU_00238,51.28,PayPal,France,4,0
TXN_000502,USER_0207,SKU_00891,23.29,Cash,Canada,16,0
TXN_000503,USER_0215,SKU_00457,63.76,Credit Card,UK,12,0
TXN_000504,USER_0344,SKU_00901,74.12,Cash,Australia,14,0
TXN_000505,USER_0141,SKU_00759,110.42,PayPal,UK,2,0
TXN_000506,USER_0085,SKU_00516,74.43,Bank Transfer,France,22,0
TXN_000507,USER_0182,SKU_00876,279.95,PayPal,Canada,3,0
TXN_000508,USER_0332,SKU_00861,488.92,Credit Card,Germany,14,0
TXN_000509,USER_0128,SKU_00897,36.43,Bank Transfer,Germany,17,0
TXN_000510,USER_0269,SKU_00862,144.04,Credit Card,Canada,2,0
TXN_000511,USER_0039,SKU_00824,452.42,PayPal,Germany,6,0
TXN_000512,USER_0023,SKU_00173,147.84,Credit Card,Australia,7,0
TXN_000513,USER_0242,SKU_00193,111.87,Cash,Canada,10,0
TXN_000514,USER_0366,SKU_00515,8.83,Bank Transfer,Canada,21,0
TXN_000515,USER_0107,SKU_00790,62.5,Credit Card,UK,8,1
TXN_000516,USER_0348,SKU_00968,36.16,Bank Transfer,USA,19,0
TXN_000517,USER_0142,SKU_00568,218.59,Bank Transfer,UK,11,0
TXN_000518,USER_0145,SKU_00786,26.3,PayPal,Germany,4,0
TXN_000519,USER_0280,SKU_00409,50.13,PayPal,USA,0,0
TXN_000520,USER_0245,SKU_00688,126.5,Bank Transfer,Canada,13,0
TXN_000521,USER_0442,SKU_00628,25.14,Credit Card,Germany,2,0
TXN_000522,USER_0191,SKU_00084,72.17,Bank Transfer,France,14,0
TXN_000523,USER_0290,SKU_00671,63.36,PayPal,Germany,9,0
TXN_000524,USER_0179,SKU_00798,131.25,Credit Card,USA,9,0
TXN_000525,USER_0112,SKU_00080,105.51,Bank Transfer,USA,23,0
TXN_000526,USER_0214,SKU_00578,102.24,PayPal,Canada,2,0
TXN_000527,USER_0138,SKU_00209,66.74,Bank Transfer,Australia,5,0
TXN_000528,USER_0374,SKU_00522,10.22,Bank Transfer,France,4,0
TXN_000529,USER_0200,SKU_00199,125.56,Bank Transfer,Canada,23,1
TXN_000530,USER_0405,SKU_00571,57.7,Credit Card,France,18,0
TXN_000531,USER_0421,SKU_00234,117.51,PayPal,France,13,0
TXN_000532,USER_0007,SKU_00819,35.77,PayPal,Canada,16,0
TXN_000533,USER_0346,SKU_00244,56.93,Cash,Germany,11,0
TXN_000534,USER_0013,SKU_00891,58.75,Bank Transfer,UK,8,0
TXN_000535,USER_0080,SKU_00393,26.77,Bank Transfer,France,2,0
TXN_000536,USER_0286,SKU_00566,17.23,Cash,USA,17,0
TXN_000537,USER_0159,SKU_00446,80.04,Bank Transfer,Canada,3,0
TXN_000538,USER_0389,SKU_00849,149.57,Credit Card,Australia,13,0
TXN_000539,USER_0416,SKU_00393,29.23,Cash,Germany,23,0
TXN_000540,USER_0272,SKU_00009,43.91,PayPal,France,5,0
TXN_000541,USER_0495,SKU_00613,125.15,Bank Transfer,Australia,14,0
TXN_000542,USER_0201,SKU_00920,137.92,PayPal,Germany,16,0
TXN_000543,USER_0150,SKU_00807,68.82,Bank Transfer,Canada,23,0
TXN_000544,USER_0448,SKU_00715,82.62,Cash,Australia,4,0
TXN_000545,USER_0428,SKU_00904,92.95,PayPal,USA,5,0
TXN_000546,USER_0296,SKU_00153,111.17,Bank Transfer,France,20,0
TXN_000547,USER_0493,SKU_00110,18.7,Credit Card,France,4,0
TXN_000548,USER_0293,SKU_00834,371.37,Cash,Australia,18,0
TXN_000549,USER_0334,SKU_00266,71.81,Bank Transfer,Germany,13,0
TXN_000550,USER_0272,SKU_00373,113.28,Bank Transfer,Canada,3,0
TXN_000551,USER_0043,SKU_00152,25.49,Bank Transfer,UK,4,0
TXN_000552,USER_0468,SKU_00976,45.34,Cash,France,10,0
TXN_000553,USER_0319,SKU_00595,79.6,Bank Transfer,USA,1,0
TXN_000554,USER_0492,SKU_00955,8.99,Bank Transfer,France,21,0
TXN_000555,USER_0015,SKU_00415,22.17,PayPal,France,1,0
TXN_000556,USER_0248,SKU_00907,26.44,PayPal,UK,19,0
TXN_000557,USER_0172,SKU_00646,15.2,Cash,UK,11,0
TXN_000558,USER_0218,SKU_00326,60.71,Cash,Canada,15,0
TXN_000559,USER_0137,SKU_00672,50.7,Credit Card,France,16,0
TXN_000560,USER_0321,SKU_00551,226.72,Bank Transfer,France,3,0
TXN_000561,USER_0227,SKU_00176,17.8,PayPal,Germany,13,0
TXN_000562,USER_0044,SKU_00525,69.04,PayPal,Germany,6,0
TXN_000563,USER_0020,SKU_00315,22.64,Bank Transfer,Australia,14,0
TXN_000564,USER_0493,SKU_00067,9.8,Bank Transfer,Australia,15,0
TXN_000565,USER_0119,SKU_00952,98.28,Cash,USA,7,0
TXN_000566,USER_0454,SKU_00760,106.76,Credit Card,USA,1,0
TXN_000567,USER_0234,SKU_00553,94.83,Credit Card,Germany,18,0
TXN_000568,USER_0458,SKU_00184,14.64,Cash,Australia,0,0
TXN_000569,USER_0368,SKU_00035,59.36,Cash,USA,22,0
TXN_000570,USER_0379,SKU_00934,99.22,PayPal,France,3,0
TXN_000571,USER_0417,SKU_00505,141.48,Cash,Australia,23,0
TXN_000572,USER_0336,SKU_00849,102.34,Credit Card,UK,20,0
TXN_000573,USER_0356,SKU_00963,143.33,PayPal,Australia,21,0
TXN_000574,USER_0262,SKU_00802,158.76,Credit Card,France,10,0
TXN_000575,USER_0083,SKU_00076,60.63,Bank Transfer,Germany,9,0
TXN_000576,USER_0031,SKU_00472,89.88,Credit Card,Canada,17,0
TXN_000577,USER_0322,SKU_00582,148.37,PayPal,Canada,0,0
TXN_000578,USER_0274,SKU_00746,80.65,Credit Card,Germany,16,0
TXN_000579,USER_0234,SKU_00523,181.09,PayPal,France,15,0
TXN_000580,USER_0028,SKU_00880,130.91,PayPal,USA,11,0
TXN_000581,USER_0252,SKU_00283,29.01,Cash,Australia,15,0
TXN_000582,USER_0324,SKU_00816,14.79,Credit Card,Australia,8,0
TXN_000583,USER_0253,SKU_00536,55.66,Cash,USA,16,0
TXN_000584,USER_0449,SKU_00274,16.76,Cash,Canada,2,0
TXN_000585,USER_0239,SKU_00539,59.33,Credit Card,Germany,17,0
TXN_000586,USER_0490,SKU_00054,54.2,PayPal,Germany,14,0
TXN_000587,USER_0370,SKU_00055,200.52,Bank Transfer,UK,14,0
TXN_000588,USER_0464,SKU_00888,90.47,Credit Card,Canada,15,0
TXN_000589,USER_0429,SKU_00745,145.17,Cash,Germany,19,0
TXN_000590,USER_0314,SKU_00277,33.46,Cash,UK,0,0
TXN_000591,USER_0175,SKU_00443,252.06,PayPal,USA,0,0
TXN_000592,USER_0194,SKU_00883,133.44,Cash,Canada,3,0
TXN_000593,USER_0180,SKU_00418,83.72,Bank Transfer,Canada,12,0
TXN_000594,USER_0420,SKU_00632,8.97,Cash,Germany,3,0
TXN_000595,USER_0385,SKU_00225,177.46,PayPal,Germany,22,0
TXN_000596,USER_0295,SKU_00570,321.61,Credit Card,France,7,0
TXN_000597,USER_0215,SKU_00255,55.22,PayPal,USA,12,0
TXN_000598,USER_0474,SKU_00176,56.36,Cash,USA,23,0
TXN_000599,USER_0203,SKU_00566,32.57,PayPal,Australia,7,0
TXN_000600,USER_0250,SKU_00146,10.68,Cash,UK,13,0
TXN_000601,USER_0362,SKU_00771,31.12,PayPal,UK,0,0
TXN_000602,USER_0257,SKU_00664,286.98,Credit Card,France,8,0
TXN_000603,USER_0075,SKU_00385,160.62,Cash,Australia,23,0
TXN_000604,USER_0344,SKU_00262,25.21,Bank Transfer,USA,0,0
TXN_000605,USER_0202,SKU_00531,30.62,Bank Transfer,UK,6,0
TXN_000606,USER_0142,SKU_00854,461.78,Bank Transfer,USA,19,0
TXN_000607,USER_0206,SKU_00371,19.68,Bank Transfer,USA,12,0
TXN_000608,USER_0199,SKU_00683,26.7,Cash,Australia,14,0
TXN_000609,USER_0407,SKU_00891,35.53,Cash,UK,8,0
TXN_000610,USER_0171,SKU_00904,14.04,Credit Card,Germany,15,0
TXN_000611,USER_0406,SKU_00197,31.9,PayPal,Germany,16,0
TXN_000612,USER_0316,SKU_00948,32.38,Cash,Australia,8,0
TXN_000613,USER_0228,SKU_00585,22.15,Bank Transfer,UK,5,0
TXN_000614,USER_0411,SKU_00815,206.02,Cash,France,19,0
TXN_000615,USER_0440,SKU_00597,17.0,Bank Transfer,Canada,11,0
TXN_000616,USER_0386,SKU_00284,47.37,Credit Card,Australia,15,0
TXN_000617,USER_0423,SKU_00302,22.71,PayPal,USA,20,0
TXN_000618,USER_0179,SKU_00132,44.26,Cash,Australia,14,0
TXN_000619,USER_0366,SKU_00120,21.68,PayPal,Canada,6,0
TXN_000620,USER_0275,SKU_00728,58.9,Bank Transfer,Australia,9,0
TXN_000621,USER_0062,SKU_00136,75.3,Bank Transfer,UK,3,0
TXN_000622,USER_0327,SKU_00628,221.89,PayPal,USA,23,0
TXN_000623,USER_0204,SKU_00573,30.31,Credit Card,Canada,2,0
TXN_000624,USER_0451,SKU_00529,550.58,PayPal,Germany,17,1
TXN_000625,USER_0447,SKU_00034,24.36,PayPal,France,0,0
TXN_000626,USER_0367,SKU_00532,43.03,Cash,Australia,12,0
TXN_000627,USER_0133,SKU_00208,318.86,Cash,Australia,21,0
TXN_000628,USER_0072,SKU_00970,995.2,Bank Transfer,Canada,17,0
TXN_000629,USER_0078,SKU_00674,294.69,Cash,France,7,0
TXN_000630,USER_0189,SKU_00299,43.66,Credit Card,Australia,10,0
TXN_000631,USER_0356,SKU_00522,182.74,Credit Card,Germany,9,1
TXN_000632,USER_0071,SKU_00094,108.05,Credit Card,Canada,3,0
TXN_000633,USER_0263,SKU_00414,77.12,Bank Transfer,UK,3,0
TXN_000634,USER_0306,SKU_00371,19.93,Credit Card,USA,3,0
TXN_000635,USER_0046,SKU_00409,69.03,Credit Card,Germany,11,0
TXN_000636,USER_0224,SKU_00383,32.92,Cash,France,7,0
TXN_000637,USER_0328,SKU_00441,20.73,Bank Transfer,France,12,0
TXN_000638,USER_0250,SKU_00878,39.99,PayPal,Germany,7,0
TXN_000639,USER_0076,SKU_00447,74.84,Credit Card,UK,20,0
TXN_000640,USER_0074,SKU_00619,148.62,Cash,Australia,2,0
TXN_000641,USER_0142,SKU_00617,84.7,PayPal,UK,11,1
TXN_000642,USER_0073,SKU_00071,50.47,Credit Card,Australia,17,0
TXN_000643,USER_0102,SKU_00943,121.99,PayPal,Australia,14,0
TXN_000644,USER_0094,SKU_00084,58.61,PayPal,France,13,0
TXN_000645,USER_0069,SKU_00209,79.96,Bank Transfer,Australia,8,0
TXN_000646,USER_0065,SKU_00259,59.03,Bank Transfer,Germany,4,0
TXN_000647,USER_0193,SKU_00239,66.87,Credit Card,Australia,14,0
TXN_000648,USER_0441,SKU_00302,18.56,Credit Card,Germany,7,0
TXN_000649,USER_0062,SKU_00232,61.7,Bank Transfer,USA,22,0
TXN_000650,USER_0020,SKU_00932,227.66,Credit Card,France,2,0
TXN_000651,USER_0241,SKU_00282,64.65,Credit Card,UK,11,0
TXN_000652,USER_0203,SKU_00394,23.72,Bank Transfer,Canada,4,0
TXN_000653,USER_0410,SKU_00418,239.02,PayPal,UK,8,0
TXN_000654,USER_0300,SKU_00206,112.32,Credit Card,UK,19,0
TXN_000655,USER_0195,SKU_00264,117.64,Cash,Canada,2,0
TXN_000656,USER_0454,SKU_00311,114.49,Bank Transfer,France,22,0
TXN_000657,USER_0062,SKU_00859,17.7,Credit Card,Australia,7,0
TXN_000658,USER_0107,SKU_00906,104.36,Credit Card,USA,20,0
TXN_000659,USER_0125,SKU_00697,218.03,Bank Transfer,UK,12,0
TXN_000660,USER_0301,SKU_00626,33.78,Cash,Australia,7,0
TXN_000661,USER_0267,SKU_00079,7.94,Cash,UK,4,0
TXN_000662,USER_0456,SKU_00869,78.69,Bank Transfer,France,6,0
TXN_000663,USER_0477,SKU_00342,112.84,Cash,France,4,1
TXN_000664,USER_0202,SKU_00813,11.62,Credit Card,Germany,8,0
TXN_000665,USER_0162,SKU_00562,100.02,Cash,France,4,0
TXN_000666,USER_0344,SKU_00832,92.79,Credit Card,France,7,0
TXN_000667,USER_0302,SKU_00095,12.6,PayPal,UK,11,0
TXN_000668,USER_0112,SKU_00770,361.15,Cash,USA,3,0
TXN_000669,USER_0337,SKU_00941,115.71,PayPal,UK,8,0
TXN_000670,USER_0032,SKU_00351,8.25,Bank Transfer,Australia,21,0
TXN_000671,USER_0459,SKU_00062,123.82,Cash,France,21,0
TXN_000672,USER_0098,SKU_00142,120.28,Credit Card,Germany,13,0
TXN_000673,USER_0472,SKU_00842,224.75,Cash,USA,18,0
TXN_000674,USER_0247,SKU_00734,29.26,Bank Transfer,Germany,12,0
TXN_000675,USER_0261,SKU_00868,125.63,Bank Transfer,Canada,2,0
TXN_000676,USER_0191,SKU_00111,43.09,Credit Card,Germany,3,0
TXN_000677,USER_0029,SKU_00616,31.3,Cash,Germany,0,0
TXN_000678,USER_0048,SKU_00527,22.99,PayPal,Australia,21,0
TXN_000679,USER_0496,SKU_00782,8.14,Bank Transfer,France,0,0
TXN_000680,USER_0250,SKU_00671,93.73,Bank Transfer,Australia,10,0
TXN_000681,USER_0226,SKU_00157,41.55,Credit Card,France,15,0
TXN_000682,USER_0272,SKU_00539,3.56,Cash,Australia,3,0
TXN_000683,USER_0153,SKU_00597,58.87,PayPal,France,6,0
TXN_000684,USER_0485,SKU_00009,347.58,Cash,France,11,1
TXN_000685,USER_0328,SKU_00276,14.78,Cash,France,5,0
TXN_000686,USER_0285,SKU_00227,26.77,PayPal,Germany,23,0
TXN_000687,USER_0180,SKU_00186,169.7,Credit Card,Canada,19,1
TXN_000688,USER_0302,SKU_00591,4.23,Bank Transfer,France,8,0
TXN_000689,USER_0153,SKU_00216,32.02,Credit Card,Canada,7,0
TXN_000690,USER_0234,SKU_00433,77.22,Credit Card,Canada,13,0
TXN_000691,USER_0023,SKU_00569,31.15,Cash,UK,14,0
TXN_000692,USER_0418,SKU_00656,14.91,PayPal,UK,20,0
TXN_000693,USER_0451,SKU_00356,15.64,Bank Transfer,USA,21,0
TXN_000694,USER_0094,SKU_00843,10.89,Cash,Australia,4,0
TXN_000695,USER_0370,SKU_00392,28.99,Bank Transfer,UK,14,0
TXN_000696,USER_0245,SKU_00579,157.07,Cash,France,5,0
TXN_000697,USER_0290,SKU_00275,579.34,PayPal,Canada,0,0
TXN_000698,USER_0160,SKU_00494,56.61,Bank Transfer,Australia,19,0
TXN_000699,USER_0373,SKU_00617,117.71,Bank Transfer,USA,8,0
TXN_000700,USER_0285,SKU_00451,21.31,Credit Card,UK,3,0
TXN_000701,USER_0009,SKU_00420,6.74,Cash,Germany,1,0
TXN_000702,USER_0450,SKU_00985,347.79,Cash,Australia,5,0
TXN_000703,USER_0185,SKU_00700,30.11,Cash,USA,1,0
TXN_000704,USER_0295,SKU_00164,112.02,Credit Card,France,2,0
TXN_000705,USER_0135,SKU_00779,63.97,Credit Card,Australia,6,0
TXN_000706,USER_0110,SKU_00563,147.61,Bank Transfer,Canada,19,0
TXN_000707,USER_0069,SKU_00638,141.75,Cash,France,16,0
TXN_000708,USER_0136,SKU_00592,72.08,Cash,France,8,0
TXN_000709,USER_0096,SKU_00183,80.46,Bank Transfer,Australia,21,0
TXN_000710,USER_0119,SKU_00310,183.57,Bank Transfer,Germany,8,0
TXN_000711,USER_0374,SKU_00017,36.25,Bank Transfer,Germany,18,0
TXN_000712,USER_0274,SKU_00446,258.69,PayPal,Australia,4,0
TXN_000713,USER_0358,SKU_00170,26.9,PayPal,Australia,5,0
TXN_000714,USER_0366,SKU_00280,58.94,Bank Transfer,Australia,17,0
TXN_000715,USER_0338,SKU_00913,204.86,Credit Card,Canada,0,1
TXN_000716,USER_0177,SKU_00816,21.42,Credit Card,UK,16,1
TXN_000717,USER_0361,SKU_00340,217.42,Cash,France,13,0
TXN_000718,USER_0237,SKU_00726,87.87,PayPal,Australia,14,0
TXN_000719,USER_0272,SKU_00710,1481.74,PayPal,UK,4,0
TXN_000720,USER_0277,SKU_00519,437.33,Bank Transfer,Canada,16,0
TXN_000721,USER_0138,SKU_00910,54.01,Bank Transfer,France,20,0
TXN_000722,USER_0362,SKU_00011,325.57,Bank Transfer,UK,20,0
TXN_000723,USER_0132,SKU_00524,127.4,Bank Transfer,France,22,0
TXN_000724,USER_0044,SKU_00622,68.79,Bank Transfer,Germany,22,0
TXN_000725,USER_0123,SKU_00133,10.39,Credit Card,Australia,10,0
TXN_000726,USER_0136,SKU_00901,13.15,Credit Card,Germany,9,0
TXN_000727,USER_0367,SKU_00640,54.84,Bank Transfer,USA,16,0
TXN_000728,USER_0373,SKU_00148,33.27,Credit Card,Canada,0,0
TXN_000729,USER_0126,SKU_00566,68.39,Bank Transfer,Australia,4,0
TXN_000730,USER_0439,SKU_00823,215.37,Bank Transfer,UK,15,0
TXN_000731,USER_0275,SKU_00954,129.67,PayPal,France,6,0
TXN_000732,USER_0495,SKU_00079,27.21,Credit Card,USA,11,0
TXN_000733,USER_0064,SKU_00346,137.68,Credit Card,Canada,7,0
TXN_000734,USER_0296,SKU_00609,21.89,PayPal,Canada,17,0
TXN_000735,USER_0232,SKU_00249,17.42,Credit Card,Canada,0,0
TXN_000736,USER_0051,SKU_00639,79.97,PayPal,UK,19,0
TXN_000737,USER_0137,SKU_00542,24.18,Cash,Australia,11,0
TXN_000738,USER_0158,SKU_00024,28.74,Credit Card,Germany,3,0
TXN_000739,USER_0056,SKU_00471,147.52,Bank Transfer,USA,11,0
TXN_000740,USER_0081,SKU_00201,210.78,PayPal,UK,21,1
TXN_000741,USER_0232,SKU_00131,37.64,Bank Transfer,France,0,0
TXN_000742,USER_0428,SKU_00634,10.75,Bank Transfer,UK,0,0
TXN_000743,USER_0443,SKU_00356,26.18,Credit Card,France,2,0
TXN_000744,USER_0399,SKU_00944,761.46,PayPal,France,20,1
TXN_000745,USER_0452,SKU_00839,143.53,Cash,Canada,11,0
TXN_000746,USER_0326,SKU_00150,226.69,Bank Transfer,UK,21,0
TXN_000747,USER_0128,SKU_00526,70.53,Bank Transfer,Germany,20,0
TXN_000748,USER_0126,SKU_00304,38.43,Cash,France,12,0
TXN_000749,USER_0317,SKU_00541,134.99,PayPal,Canada,12,0
TXN_000750,USER_0080,SKU_00050,196.73,Credit Card,Germany,20,0
TXN_000751,USER_0474,SKU_00464,33.79,Bank Transfer,UK,8,0
TXN_000752,USER_0377,SKU_00240,53.52,Credit Card,Germany,17,1
TXN_000753,USER_0357,SKU_00482,11.93,PayPal,UK,0,0
TXN_000754,USER_0407,SKU_00906,26.09,Cash,France,5,0
TXN_000755,USER_0333,SKU_00455,106.58,Credit Card,USA,22,0
TXN_000756,USER_0175,SKU_00985,30.08,PayPal,USA,23,0
TXN_000757,USER_0145,SKU_00283,138.62,Credit Card,Australia,4,0
TXN_000758,USER_0441,SKU_00335,390.4,Credit Card,Australia,3,0
TXN_000759,USER_0126,SKU_00352,55.97,Bank Transfer,France,5,0
TXN_000760,USER_0182,SKU_00668,53.72,Credit Card,Germany,2,0
TXN_000761,USER_0219,SKU_00649,94.5,Bank Transfer,UK,16,0
TXN_000762,USER_0436,SKU_00327,30.74,PayPal,USA,10,0
TXN_000763,USER_0278,SKU_00336,28.58,PayPal,UK,3,0
TXN_000764,USER_0485,SKU_00666,29.44,Bank Transfer,France,19,0
TXN_000765,USER_0083,SKU_00995,17.36,Cash,Germany,0,0
TXN_000766,USER_0423,SKU_00081,134.26,Credit Card,UK,3,0
TXN_000767,USER_0483,SKU_00087,33.23,PayPal,Germany,22,0
TXN_000768,USER_0141,SKU_00776,331.8,PayPal,USA,2,1
TXN_000769,USER_0334,SKU_00258,92.69,Cash,UK,9,0
TXN_000770,USER_0496,SKU_00991,53.37,PayPal,Canada,21,0
TXN_000771,USER_0095,SKU_00185,122.69,Bank Transfer,USA,0,0
TXN_000772,USER_0365,SKU_00692,21.25,Cash,Germany,3,0
TXN_000773,USER_0194,SKU_00698,25.02,PayPal,France,18,0
TXN_000774,USER_0110,SKU_00123,111.45,Cash,Canada,0,0
TXN_000775,USER_0052,SKU_00889,6.08,Cash,Australia,15,0
TXN_000776,USER_0103,SKU_00096,55.4,PayPal,UK,18,0
TXN_000777,USER_0101,SKU_00605,98.54,PayPal,Australia,19,0
TXN_000778,USER_0142,SKU_00515,202.53,PayPal,USA,20,0
TXN_000779,USER_0201,SKU_00904,248.51,Cash,UK,21,0
TXN_000780,USER_0458,SKU_00443,47.93,Bank Transfer,UK,17,0
TXN_000781,USER_0319,SKU_00514,117.95,Bank Transfer,Canada,1,0
TXN_000782,USER_0199,SKU_00991,24.43,Credit Card,Canada,5,0
TXN_000783,USER_0284,SKU_00958,35.04,PayPal,Canada,20,0
TXN_000784,USER_0494,SKU_00371,214.36,Bank Transfer,Canada,0,0
TXN_000785,USER_0217,SKU_00305,52.46,Credit Card,France,18,0
TXN_000786,USER_0046,SKU_00357,64.05,Credit Card,Germany,4,0
TXN_000787,USER_0028,SKU_00148,19.43,PayPal,Canada,1,0
TXN_000788,USER_0002,SKU_00285,83.31,Credit Card,USA,0,0
TXN_000789,USER_0383,SKU_00657,116.05,Bank Transfer,UK,15,0
TXN_000790,USER_0017,SKU_00842,112.51,Credit Card,Australia,20,0
TXN_000791,USER_0315,SKU_00873,16.26,Credit Card,Canada,1,0
TXN_000792,USER_0436,SKU_00918,148.4,Bank Transfer,USA,3,0
TXN_000793,USER_0388,SKU_00262,20.12,Credit Card,France,2,0
TXN_000794,USER_0077,SKU_00574,53.17,Credit Card,USA,22,0
TXN_000795,USER_0466,SKU_00491,10.83,Cash,Australia,16,0
TXN_000796,USER_0387,SKU_00738,45.63,Credit Card,Australia,14,0
TXN_000797,USER_0371,SKU_00031,20.01,Credit Card,USA,9,0
TXN_000798,USER_0165,SKU_00702,69.7,Cash,France,11,1
TXN_000799,USER_0097,SKU_00887,57.97,Cash,Australia,11,0
TXN_000800,USER_0105,SKU_00268,124.86,Cash,France,19,0
TXN_000801,USER_0024,SKU_00012,120.65,PayPal,UK,6,0
TXN_000802,USER_0200,SKU_00191,5.27,PayPal,Canada,9,0
TXN_000803,USER_0035,SKU_00400,107.59,Bank Transfer,Australia,4,0
TXN_000804,USER_0002,SKU_00537,67.11,Credit Card,USA,19,0
TXN_000805,USER_0289,SKU_00918,31.18,Bank Transfer,Germany,19,0
TXN_000806,USER_0332,SKU_00091,22.64,PayPal,Germany,10,0
TXN_000807,USER_0342,SKU_00600,51.29,Credit Card,UK,1,0
TXN_000808,USER_0461,SKU_00844,68.76,Credit Card,Germany,23,0
TXN_000809,USER_0138,SKU_00501,79.67,Cash,UK,15,0
TXN_000810,USER_0337,SKU_00786,44.82,PayPal,Canada,11,0
TXN_000811,USER_0062,SKU_00301,4.37,Credit Card,UK,15,0
TXN_000812,USER_0299,SKU_00111,33.27,Cash,France,3,0
TXN_000813,USER_0197,SKU_00080,16.72,Credit Card,France,1,0
TXN_000814,USER_0377,SKU_00836,426.33,PayPal,France,9,0
TXN_000815,USER_0059,SKU_00652,57.93,Bank Transfer,Australia,12,0
TXN_000816,USER_0265,SKU_00433,114.56,Bank Transfer,France,22,0
TXN_000817,USER_0333,SKU_00417,103.04,Credit Card,France,18,0
TXN_000818,USER_0188,SKU_00214,74.46,Cash,France,14,0
TXN_000819,USER_0063,SKU_00447,36.01,Cash,France,22,0
TXN_000820,USER_0308,SKU_00018,31.7,Cash,Australia,0,0
TXN_000821,USER_0279,SKU_00054,14.48,PayPal,France,16,1
TXN_000822,USER_0030,SKU_00880,62.94,Bank Transfer,France,19,0
TXN_000823,USER_0171,SKU_00609,147.46,Bank Transfer,Canada,3,1
TXN_000824,USER_0452,SKU_00795,52.05,Credit Card,Australia,19,0
TXN_000825,USER_0021,SKU_00746,63.02,Bank Transfer,France,8,0
TXN_000826,USER_0299,SKU_00979,16.34,Cash,UK,5,0
TXN_000827,USER_0201,SKU_00240,40.69,PayPal,Canada,2,0
TXN_000828,USER_0135,SKU_00846,28.51,Cash,Australia,21,0
TXN_000829,USER_0272,SKU_00921,106.17,Cash,Germany,1,0
TXN_000830,USER_0023,SKU_00418,56.88,Bank Transfer,USA,17,0
TXN_000831,USER_0442,SKU_00856,28.79,PayPal,Australia,22,0
TXN_000832,USER_0087,SKU_00486,46.53,PayPal,Canada,18,0
TXN_000833,USER_0031,SKU_00444,19.31,Cash,France,6,0
TXN_000834,USER_0121,SKU_00566,78.64,Credit Card,Canada,2,1
TXN_000835,USER_0069,SKU_00599,97.78,Bank Transfer,USA,17,0
TXN_000836,USER_0134,SKU_00773,14.41,Credit Card,USA,19,0
TXN_000837,USER_0371,SKU_00748,51.36,Cash,Australia,19,0
TXN_000838,USER_0449,SKU_00123,25.79,Bank Transfer,France,18,0
TXN_000839,USER_0315,SKU_00420,14.42,Credit Card,France,8,0
TXN_000840,USER_0496,SKU_00566,352.59,Credit Card,UK,15,0
TXN_000841,USER_0412,SKU_00216,191.29,Credit Card,USA,5,0
TXN_000842,USER_0146,SKU_00420,30.02,Bank Transfer,France,20,0
TXN_000843,USER_0472,SKU_00709,40.86,Credit Card,USA,11,0
TXN_000844,USER_0333,SKU_00551,7.23,PayPal,UK,5,0
TXN_000845,USER_0481,SKU_00966,11.11,Cash,Germany,12,0
TXN_000846,USER_0394,SKU_00877,17.67,Bank Transfer,USA,23,0
TXN_000847,USER_0263,SKU_00228,52.79,PayPal,UK,4,0
TXN_000848,USER_0293,SKU_00237,48.68,Credit Card,UK,12,0
TXN_000849,USER_0480,SKU_00644,76.08,Cash,UK,19,0
TXN_000850,USER_0429,SKU_00330,107.62,Credit Card,Canada,6,0
TXN_000851,USER_0086,SKU_00833,72.1,PayPal,Australia,11,0
TXN_000852,USER_0016,SKU_00469,18.52,Credit Card,France,20,0
TXN_000853,USER_0216,SKU_00680,75.49,Bank Transfer,USA,3,0
TXN_000854,USER_0116,SKU_00487,103.06,PayPal,Australia,4,0
TXN_000855,USER_0118,SKU_00549,35.61,Bank Transfer,Canada,15,0
TXN_000856,USER_0270,SKU_00579,8.62,Cash,USA,3,0
TXN_000857,USER_0395,SKU_00623,178.41,Bank Transfer,Australia,7,0
TXN_000858,USER_0467,SKU_00415,59.64,Bank Transfer,Canada,15,0
TXN_000859,USER_0343,SKU_00219,3.41,Credit Card,France,7,0
TXN_000860,USER_0162,SKU_00721,432.79,Credit Card,UK,16,0
TXN_000861,USER_0188,SKU_00381,33.83,PayPal,Australia,13,0
TXN_000862,USER_0104,SKU_00087,625.8,Cash,Australia,11,0
TXN_000863,USER_0141,SKU_00461,79.63,PayPal,USA,2,0
TXN_000864,USER_0167,SKU_00815,44.58,Cash,UK,19,0
TXN_000865,USER_0300,SKU_00411,65.6,Cash,France,1,0
TXN_000866,USER_0028,SKU_00691,26.86,Bank Transfer,USA,12,0
TXN_000867,USER_0424,SKU_00916,58.05,Credit Card,Germany,20,0
TXN_000868,USER_0272,SKU_00525,407.74,Cash,Germany,10,0
TXN_000869,USER_0050,SKU_00447,22.23,Credit Card,Germany,23,0
TXN_000870,USER_0371,SKU_00300,93.07,Cash,France,11,0
TXN_000871,USER_0156,SKU_00408,26.58,Credit Card,Germany,17,0
TXN_000872,USER_0324,SKU_00637,46.15,PayPal,Australia,8,0
TXN_000873,USER_0348,SKU_00375,394.1,Credit Card,USA,6,0
TXN_000874,USER_0121,SKU_00233,92.43,Bank Transfer,Australia,5,0
TXN_000875,USER_0444,SKU_00763,230.18,Cash,Germany,23,1
TXN_000876,USER_0140,SKU_00899,58.61,Bank Transfer,USA,13,0
TXN_000877,USER_0016,SKU_00638,808.75,Cash,Australia,17,0
TXN_000878,USER_0309,SKU_00747,21.12,Bank Transfer,France,13,0
TXN_000879,USER_0438,SKU_00650,11.25,Cash,UK,4,0
TXN_000880,USER_0049,SKU_00961,294.72,Credit Card,Australia,19,0
TXN_000881,USER_0164,SKU_00049,37.28,Cash,Canada,23,0
TXN_000882,USER_0062,SKU_00892,82.29,Bank Transfer,Germany,12,0
TXN_000883,USER_0340,SKU_00186,303.8,Bank Transfer,Canada,0,0
TXN_000884,USER_0154,SKU_00205,83.39,Cash,UK,11,0
TXN_000885,USER_0312,SKU_00078,508.17,Cash,France,18,0
TXN_000886,USER_0376,SKU_00481,62.56,PayPal,Australia,9,0
TXN_000887,USER_0346,SKU_00386,53.78,PayPal,France,23,1
TXN_000888,USER_0150,SKU_00194,5.19,Credit Card,UK,4,0
TXN_000889,USER_0376,SKU_00103,73.74,Credit Card,Canada,19,0
TXN_000890,USER_0073,SKU_00617,5.83,Credit Card,Australia,5,0
TXN_000891,USER_0069,SKU_00376,75.54,Credit Card,Germany,11,0
TXN_000892,USER_0465,SKU_00287,234.99,Credit Card,USA,20,0
TXN_000893,USER_0177,SKU_00836,53.67,Cash,France,2,0
TXN_000894,USER_0354,SKU_00482,66.03,PayPal,UK,13,0
TXN_000895,USER_0002,SKU_00723,136.41,Cash,Australia,20,0
TXN_000896,USER_0309,SKU_00250,106.65,PayPal,Canada,3,0
TXN_000897,USER_0119,SKU_00805,174.25,PayPal,Germany,16,0
TXN_000898,USER_0007,SKU_00201,53.56,Bank Transfer,Canada,16,0
TXN_000899,USER_0255,SKU_00536,5.75,Bank Transfer,Germany,13,0
TXN_000900,USER_0484,SKU_00461,176.98,PayPal,Australia,14,0
TXN_000901,USER_0461,SKU_00300,43.0,Cash,USA,6,0
TXN_000902,USER_0404,SKU_00478,22.68,PayPal,USA,3,0
TXN_000903,USER_0478,SKU_00083,76.4,Credit Card,UK,16,0
TXN_000904,USER_0414,SKU_00809,65.79,Cash,UK,5,0
TXN_000905,USER_0075,SKU_00458,25.8,Cash,Germany,10,0
TXN_000906,USER_0351,SKU_00691,15.1,PayPal,Germany,11,0
TXN_000907,USER_0195,SKU_00298,87.22,Credit Card,Germany,14,0
TXN_000908,USER_0187,SKU_00364,23.34,PayPal,Germany,11,0
TXN_000909,USER_0450,SKU_00718,61.21,Credit Card,Australia,10,0
TXN_000910,USER_0496,SKU_00040,79.32,Cash,Australia,16,0
TXN_000911,USER_0003,SKU_00816,143.76,PayPal,USA,7,0
TXN_000912,USER_0184,SKU_00625,908.92,Credit Card,UK,11,1
TXN_000913,USER_0335,SKU_00340,69.21,Bank Transfer,UK,8,0
TXN_000914,USER_0273,SKU_00516,35.68,Cash,France,10,0
TXN_000915,USER_0368,SKU_00998,286.7,Cash,UK,2,0
TXN_000916,USER_0052,SKU_00108,155.73,Bank Transfer,UK,6,0
TXN_000917,USER_0263,SKU_00316,64.61,Credit Card,Canada,20,0
TXN_000918,USER_0368,SKU_00114,138.32,Cash,Canada,2,1
TXN_000919,USER_0133,SKU_00167,56.09,Credit Card,France,20,0
TXN_000920,USER_0482,SKU_00261,64.21,Bank Transfer,Germany,15,0
TXN_000921,USER_0225,SKU_00618,49.31,PayPal,France,9,0
TXN_000922,USER_0310,SKU_00224,20.6,Cash,France,22,0
TXN_000923,USER_0061,SKU_00262,55.08,Cash,USA,6,0
TXN_000924,USER_0365,SKU_00251,632.96,Credit Card,Australia,23,1
TXN_000925,USER_0016,SKU_00526,24.14,Cash,UK,19,0
TXN_000926,USER_0229,SKU_00710,41.63,PayPal,USA,14,0
TXN_000927,USER_0195,SKU_00126,22.38,Bank Transfer,Australia,20,0
TXN_000928,USER_0251,SKU_00206,347.4,Cash,UK,20,1
TXN_000929,USER_0443,SKU_00140,250.34,Bank Transfer,France,9,1
TXN_000930,USER_0303,SKU_00062,15.21,Credit Card,UK,11,0
TXN_000931,USER_0048,SKU_00283,7.25,PayPal,Germany,17,0
TXN_000932,USER_0235,SKU_00054,129.76,Cash,Germany,22,0
TXN_000933,USER_0121,SKU_00346,14.31,Bank Transfer,France,22,0
TXN_000934,USER_0499,SKU_00524,124.99,PayPal,Canada,8,0
TXN_000935,USER_0320,SKU_00136,28.84,Bank Transfer,Germany,8,0
TXN_000936,USER_0050,SKU_00330,109.4,Credit Card,France,3,0
TXN_000937,USER_0469,SKU_00144,85.12,PayPal,USA,4,0
TXN_000938,USER_0041,SKU_00436,31.93,PayPal,Canada,6,0
TXN_000939,USER_0456,SKU_00282,22.67,Credit Card,Germany,6,0
TXN_000940,USER_0022,SKU_00136,97.11,Credit Card,France,10,0
TXN_000941,USER_0371,SKU_00489,54.62,Cash,France,9,1
TXN_000942,USER_0182,SKU_00813,165.5,Credit Card,USA,10,0
TXN_000943,USER_0005,SKU_00733,23.75,Credit Card,USA,23,0
TXN_000944,USER_0145,SKU_00852,77.51,Bank Transfer,Canada,23,0
TXN_000945,USER_0357,SKU_00721,36.96,PayPal,Australia,17,0
TXN_000946,USER_0078,SKU_00915,54.91,Bank Transfer,Germany,11,0
TXN_000947,USER_0231,SKU_00401,54.2,Credit Card,France,15,1
TXN_000948,USER_0297,SKU_00871,45.67,Cash,Canada,3,0
TXN_000949,USER_0348,SKU_00892,4.21,Bank Transfer,Canada,16,0
TXN_000950,USER_0479,SKU_00449,24.22,Bank Transfer,USA,16,0
TXN_000951,USER_0209,SKU_00635,30.34,PayPal,France,20,0
TXN_000952,USER_0163,SKU_00628,50.81,PayPal,UK,22,0
TXN_000953,USER_0168,SKU_00669,397.96,PayPal,Australia,4,1
TXN_000954,USER_0278,SKU_00270,27.17,Cash,Australia,12,0
TXN_000955,USER_0237,SKU_00017,224.52,Cash,USA,2,0
TXN_000956,USER_0176,SKU_00269,23.07,Credit Card,France,22,0
TXN_000957,USER_0053,SKU_00861,18.03,Credit Card,Canada,16,0
TXN_000958,USER_0349,SKU_00482,8.3,PayPal,Australia,10,0
TXN_000959,USER_0010,SKU_00219,100.16,Bank Transfer,Canada,0,0
TXN_000960,USER_0146,SKU_00319,59.5,PayPal,Germany,17,0
TXN_000961,USER_0227,SKU_00238,94.4,Credit Card,UK,16,0
TXN_000962,USER_0236,SKU_00545,124.56,Bank Transfer,USA,8,1
TXN_000963,USER_0464,SKU_00285,54.1,Credit Card,Australia,19,0
TXN_000964,USER_0242,SKU_00037,72.56,Cash,Germany,6,0
TXN_000965,USER_0305,SKU_00103,469.88,PayPal,Germany,4,0
TXN_000966,USER_0071,SKU_00723,33.99,PayPal,UK,15,0
TXN_000967,USER_0158,SKU_00430,425.95,Bank Transfer,USA,6,0
TXN_000968,USER_0019,SKU_00792,128.04,PayPal,USA,12,0
TXN_000969,USER_0055,SKU_00654,78.66,Credit Card,Canada,12,0
TXN_000970,USER_0444,SKU_00239,95.06,Credit Card,USA,14,0
TXN_000971,USER_0215,SKU_00741,2.24,Cash,Germany,22,0
TXN_000972,USER_0456,SKU_00645,42.03,Credit Card,Canada,16,0
TXN_000973,USER_0209,SKU_00125,27.93,Bank Transfer,USA,16,0
TXN_000974,USER_0021,SKU_00565,451.42,Credit Card,UK,18,0
TXN_000975,USER_0282,SKU_00600,38.81,Cash,Germany,9,0
TXN_000976,USER_0249,SKU_00610,53.0,Cash,France,1,0
TXN_000977,USER_0028,SKU_00882,52.14,PayPal,UK,13,0
TXN_000978,USER_0423,SKU_00607,14.78,Bank Transfer,UK,22,0
TXN_000979,USER_0417,SKU_00926,31.18,Credit Card,USA,2,0
TXN_000980,USER_0296,SKU_00188,123.58,Cash,Canada,6,0
TXN_000981,USER_0211,SKU_00888,6.48,Credit Card,Canada,10,0
TXN_000982,USER_0285,SKU_00256,74.54,Cash,Germany,16,0
TXN_000983,USER_0020,SKU_00585,22.17,PayPal,USA,14,0
TXN_000984,USER_0020,SKU_00987,200.32,Cash,Canada,18,0
TXN_000985,USER_0330,SKU_00924,81.04,PayPal,Australia,10,0
TXN_000986,USER_0396,SKU_00874,11.94,Bank Transfer,France,14,0
TXN_000987,USER_0120,SKU_00794,72.02,Credit Card,Australia,14,1
TXN_000988,USER_0097,SKU_00530,85.93,Credit Card,USA,5,0
TXN_000989,USER_0120,SKU_00676,40.29,PayPal,USA,14,0
TXN_000990,USER_0025,SKU_00392,63.13,Bank Transfer,Canada,8,0
TXN_000991,USER_0153,SKU_00658,53.56,PayPal,UK,4,0
TXN_000992,USER_0245,SKU_00468,129.91,Cash,USA,18,0
TXN_000993,USER_0260,SKU_00826,84.74,PayPal,UK,23,0
TXN_000994,USER_0004,SKU_00253,52.03,Bank Transfer,Germany,4,0
TXN_000995,USER_0393,SKU_00672,55.59,Cash,Germany,21,0
TXN_000996,USER_0143,SKU_00861,18.49,Credit Card,Canada,12,0
TXN_000997,USER_0282,SKU_00561,236.84,Credit Card,Germany,17,0
TXN_000998,USER_0335,SKU_00176,1055.97,Credit Card,Australia,19,0
TXN_000999,USER_0346,SKU_00466,39.24,Bank Transfer,Australia,16,0
TXN_001000,USER_0220,SKU_00839,57.27,Bank Transfer,Australia,14,0
TXN_001001,USER_0327,SKU_00577,150.66,Bank Transfer,Canada,13,0
TXN_001002,USER_0160,SKU_00988,149.83,Bank Transfer,Canada,15,0
TXN_001003,USER_0076,SKU_00289,65.26,Bank Transfer,Australia,3,0
TXN_001004,USER_0099,SKU_00050,20.57,Cash,UK,16,0
TXN_001005,USER_0180,SKU_00004,336.35,PayPal,Australia,19,0
TXN_001006,USER_0127,SKU_00631,107.9,Credit Card,UK,13,0
TXN_001007,USER_0032,SKU_00852,68.07,Bank Transfer,Germany,17,0
TXN_001008,USER_0265,SKU_00885,53.0,Credit Card,UK,5,1
TXN_001009,USER_0334,SKU_00500,57.86,Bank Transfer,USA,21,0
TXN_001010,USER_0013,SKU_00676,8.9,Credit Card,France,7,0
TXN_001011,USER_0440,SKU_00223,114.54,PayPal,USA,8,0
TXN_001012,USER_0380,SKU_00870,146.16,Credit Card,USA,23,0
TXN_001013,USER_0428,SKU_00668,68.7,Credit Card,Canada,0,0
TXN_001014,USER_0481,SKU_00899,20.9,Bank Transfer,France,12,0
TXN_001015,USER_0352,SKU_00262,171.58,Cash,Canada,2,1
TXN_001016,USER_0339,SKU_00685,119.98,Cash,UK,5,0
TXN_001017,USER_0414,SKU_00535,51.94,Credit Card,Australia,16,1
TXN_001018,USER_0400,SKU_00903,138.93,Cash,UK,7,0
TXN_001019,USER_0396,SKU_00376,92.25,PayPal,France,5,0
TXN_001020,USER_0202,SKU_00061,41.51,PayPal,Germany,15,0
TXN_001021,USER_0450,SKU_00356,31.26,Cash,UK,0,0
TXN_001022,USER_0018,SKU_00833,45.66,Cash,USA,9,0
TXN_001023,USER_0397,SKU_00646,20.68,PayPal,France,17,0
TXN_001024,USER_0093,SKU_00024,70.83,Cash,France,21,0
TXN_001025,USER_0280,SKU_00293,190.88,Cash,UK,13,1
TXN_001026,USER_0358,SKU_00557,175.67,Bank Transfer,UK,23,0
TXN_001027,USER_0396,SKU_00691,73.51,Bank Transfer,Canada,4,0
TXN_001028,USER_0316,SKU_00356,80.75,Cash,Canada,16,0
TXN_001029,USER_0060,SKU_00984,41.76,Cash,USA,13,0
TXN_001030,USER_0477,SKU_00870,22.78,Bank Transfer,France,17,0
TXN_001031,USER_0214,SKU_00941,35.52,Bank Transfer,Germany,3,0
TXN_001032,USER_0100,SKU_00575,227.71,Cash,Germany,19,0
TXN_001033,USER_0001,SKU_00029,102.93,Bank Transfer,France,22,0
TXN_001034,USER_0043,SKU_00357,82.06,PayPal,USA,1,0
TXN_001035,USER_0311,SKU_00365,8.89,Credit Card,Canada,6,0
TXN_001036,USER_0168,SKU_00608,74.65,PayPal,Canada,6,0
TXN_001037,USER_0192,SKU_00409,14.44,Bank Transfer,Canada,6,0
TXN_001038,USER_0034,SKU_00266,15.51,PayPal,Germany,12,0
TXN_001039,USER_0034,SKU_00291,17.35,Credit Card,Germany,18,0
TXN_001040,USER_0176,SKU_00567,25.21,Bank Transfer,USA,21,0
TXN_001041,USER_0417,SKU_00153,125.64,PayPal,Germany,5,0
TXN_001042,USER_0196,SKU_00219,68.48,PayPal,UK,19,0
TXN_001043,USER_0486,SKU_00173,21.26,Credit Card,Germany,16,0
TXN_001044,USER_0158,SKU_00608,61.1,Bank Transfer,Canada,17,1
TXN_001045,USER_0245,SKU_00635,89.87,Cash,USA,23,0
TXN_001046,USER_0366,SKU_00012,109.71,Bank Transfer,France,0,0
TXN_001047,USER_0340,SKU_00516,62.4,Credit Card,France,22,0
TXN_001048,USER_0346,SKU_00362,17.33,Credit Card,USA,12,0
TXN_001049,USER_0335,SKU_00858,36.14,Credit Card,UK,18,0
TXN_001050,USER_0071,SKU_00579,590.51,Credit Card,France,15,0
TXN_001051,USER_0327,SKU_00657,16.27,Cash,Canada,9,0
TXN_001052,USER_0114,SKU_00969,79.43,Bank Transfer,France,12,0
TXN_001053,USER_0285,SKU_00477,455.24,Bank Transfer,France,9,0
TXN_001054,USER_0407,SKU_00577,83.06,PayPal,Canada,13,1
TXN_001055,USER_0418,SKU_00082,341.66,Cash,Germany,8,0
TXN_001056,USER_0468,SKU_00617,27.45,Cash,UK,20,0
TXN_001057,USER_0143,SKU_00693,7.58,PayPal,Canada,10,0
TXN_001058,USER_0097,SKU_00340,30.59,PayPal,Canada,2,0
TXN_001059,USER_0309,SKU_00441,25.59,Bank Transfer,Australia,7,0
TXN_001060,USER_0401,SKU_00617,10.28,Bank Transfer,USA,11,0
TXN_001061,USER_0320,SKU_00226,71.94,Bank Transfer,UK,2,1
TXN_001062,USER_0212,SKU_00371,294.16,Cash,Germany,6,1
TXN_001063,USER_0317,SKU_00028,30.14,Cash,Australia,13,0
TXN_001064,USER_0185,SKU_00995,37.49,PayPal,Canada,6,0
TXN_001065,USER_0205,SKU_00016,214.97,Credit Card,Australia,6,0
TXN_001066,USER_0364,SKU_00277,25.83,Credit Card,Germany,13,0
TXN_001067,USER_0216,SKU_00333,101.39,Credit Card,Australia,11,0
TXN_001068,USER_0246,SKU_00483,9.9,Credit Card,Australia,0,0
TXN_001069,USER_0239,SKU_00810,20.78,Credit Card,Australia,4,0
TXN_001070,USER_0293,SKU_00566,44.1,Bank Transfer,Canada,10,0
TXN_001071,USER_0391,SKU_00288,182.93,PayPal,Canada,0,0
TXN_001072,USER_0008,SKU_00114,21.92,Credit Card,USA,22,0
TXN_001073,USER_0471,SKU_00038,21.66,Credit Card,France,12,0
TXN_001074,USER_0078,SKU_00454,143.38,Credit Card,UK,23,1
TXN_001075,USER_0324,SKU_00882,84.17,Bank Transfer,USA,22,0
TXN_001076,USER_0277,SKU_00742,19.38,Credit Card,Germany,16,0
TXN_001077,USER_0445,SKU_00166,32.4,PayPal,Australia,2,0
TXN_001078,USER_0494,SKU_00694,161.85,Bank Transfer,Canada,9,0
TXN_001079,USER_0202,SKU_00956,16.78,Bank Transfer,Australia,18,0
TXN_001080,USER_0214,SKU_00205,76.82,Cash,Canada,6,0
TXN_001081,USER_0094,SKU_00878,32.54,Cash,UK,19,0
TXN_001082,USER_0478,SKU_00245,221.98,Bank Transfer,USA,2,0
TXN_001083,USER_0464,SKU_00871,97.56,Credit Card,USA,21,0
TXN_001084,USER_0075,SKU_00333,131.7,Credit Card,Germany,11,0
TXN_001085,USER_0470,SKU_00943,31.89,Credit Card,USA,21,0
TXN_001086,USER_0157,SKU_00396,249.06,Credit Card,USA,9,1
TXN_001087,USER_0153,SKU_00821,121.33,Cash,France,20,0
TXN_001088,USER_0442,SKU_00507,183.58,PayPal,UK,11,1
TXN_001089,USER_0142,SKU_00929,41.16,Bank Transfer,Australia,14,0
TXN_001090,USER_0078,SKU_00924,64.24,Credit Card,USA,5,0
TXN_001091,USER_0322,SKU_00121,8.56,Cash,Germany,18,0
TXN_001092,USER_0182,SKU_00259,634.06,PayPal,Australia,4,1
TXN_001093,USER_0461,SKU_00722,29.85,Bank Transfer,Canada,19,0
TXN_001094,USER_0195,SKU_00410,39.06,Bank Transfer,USA,1,0
TXN_001095,USER_0158,SKU_00310,14.62,Bank Transfer,USA,20,0
TXN_001096,USER_0146,SKU_00808,214.02,Credit Card,Australia,18,1
TXN_001097,USER_0054,SKU_00706,92.69,Bank Transfer,Canada,18,0
TXN_001098,USER_0356,SKU_00068,40.63,Credit Card,France,3,0
TXN_001099,USER_0277,SKU_00114,5.29,PayPal,UK,19,0
TXN_001100,USER_0309,SKU_00220,26.8,Cash,France,4,0
TXN_001101,USER_0083,SKU_00220,86.49,Cash,Germany,6,0
TXN_001102,USER_0400,SKU_00473,70.21,Cash,Australia,3,0
TXN_001103,USER_0156,SKU_00730,52.13,Bank Transfer,USA,10,0
TXN_001104,USER_0004,SKU_00749,35.73,Cash,France,22,0
TXN_001105,USER_0499,SKU_00943,11.26,PayPal,UK,2,0
TXN_001106,USER_0311,SKU_00386,143.15,Credit Card,Germany,4,0
TXN_001107,USER_0271,SKU_00298,12.93,Cash,France,19,0
TXN_001108,USER_0064,SKU_00930,44.51,Credit Card,USA,14,0
TXN_001109,USER_0449,SKU_00606,19.4,Credit Card,UK,20,0
TXN_001110,USER_0112,SKU_00253,147.48,Cash,USA,17,0
TXN_001111,USER_0239,SKU_00405,97.71,Cash,USA,15,0
TXN_001112,USER_0144,SKU_00492,38.2,Cash,Germany,15,0
TXN_001113,USER_0374,SKU_00357,108.98,Bank Transfer,UK,9,0
TXN_001114,USER_0020,SKU_00428,12.28,Cash,Canada,0,0
TXN_001115,USER_0064,SKU_00215,50.43,Bank Transfer,USA,22,0
TXN_001116,USER_0289,SKU_00993,19.01,PayPal,UK,10,0
TXN_001117,USER_0081,SKU_00380,304.36,Credit Card,USA,16,1
TXN_001118,USER_0197,SKU_00770,79.38,PayPal,France,23,0
TXN_001119,USER_0382,SKU_00859,104.58,Cash,France,14,0
TXN_001120,USER_0069,SKU_00752,31.4,Credit Card,UK,6,0
TXN_001121,USER_0186,SKU_00827,114.99,Cash,Germany,5,0
TXN_001122,USER_0167,SKU_00214,17.87,Cash,Canada,14,0
TXN_001123,USER_0205,SKU_00098,20.62,Credit Card,France,14,0
TXN_001124,USER_0492,SKU_00528,45.83,PayPal,Germany,6,0
TXN_001125,USER_0164,SKU_00916,21.44,Cash,Canada,2,0
TXN_001126,USER_0094,SKU_00666,111.01,Credit Card,France,13,0
TXN_001127,USER_0249,SKU_00528,34.01,PayPal,Canada,8,0
TXN_001128,USER_0068,SKU_00710,18.53,Bank Transfer,Australia,2,0
TXN_001129,USER_0343,SKU_00620,16.28,PayPal,USA,5,0
TXN_001130,USER_0021,SKU_00535,109.66,PayPal,UK,19,0
TXN_001131,USER_0319,SKU_00554,4.29,Credit Card,France,8,0
TXN_001132,USER_0085,SKU_00549,19.87,PayPal,France,0,0
TXN_001133,USER_0390,SKU_00328,222.05,Bank Transfer,USA,8,0
TXN_001134,USER_0024,SKU_00902,38.69,Bank Transfer,France,11,0
TXN_001135,USER_0111,SKU_00165,111.77,Cash,France,3,0
TXN_001136,USER_0437,SKU_00116,83.72,Bank Transfer,Australia,15,0
TXN_001137,USER_0351,SKU_00150,45.11,Cash,France,4,0
TXN_001138,USER_0083,SKU_00518,10.39,Bank Transfer,France,16,0
TXN_001139,USER_0358,SKU_00032,14.5,PayPal,France,16,0
TXN_001140,USER_0460,SKU_00657,14.26,Cash,Germany,5,0
TXN_001141,USER_0078,SKU_00806,88.42,Bank Transfer,France,14,0
TXN_001142,USER_0434,SKU_00913,106.65,PayPal,USA,0,0
TXN_001143,USER_0380,SKU_00293,45.34,PayPal,Australia,12,1
TXN_001144,USER_0140,SKU_00919,50.46,Cash,France,15,0
TXN_001145,USER_0440,SKU_00689,55.04,Credit Card,Canada,1,0
TXN_001146,USER_0376,SKU_00957,59.04,PayPal,Australia,18,0
TXN_001147,USER_0271,SKU_00177,25.48,PayPal,Australia,22,0
TXN_001148,USER_0339,SKU_00061,280.92,Credit Card,Canada,1,0
TXN_001149,USER_0476,SKU_00589,107.54,Cash,USA,20,0
TXN_001150,USER_0424,SKU_00416,58.74,Bank Transfer,Germany,11,0
TXN_001151,USER_0169,SKU_00383,32.5,Bank Transfer,USA,11,0
TXN_001152,USER_0197,SKU_00598,23.72,PayPal,Germany,7,0
TXN_001153,USER_0453,SKU_00703,81.28,Credit Card,UK,11,0
TXN_001154,USER_0262,SKU_00007,34.0,PayPal,Canada,23,0
TXN_001155,USER_0215,SKU_00918,62.41,Cash,Australia,10,0
TXN_001156,USER_0067,SKU_00085,8.17,PayPal,Australia,1,0
TXN_001157,USER_0229,SKU_00774,32.14,Bank Transfer,Australia,0,0
TXN_001158,USER_0161,SKU_00957,48.96,Credit Card,Canada,3,0
TXN_001159,USER_0427,SKU_00398,143.71,Cash,Canada,8,0
TXN_001160,USER_0122,SKU_00912,21.71,PayPal,Germany,6,0
TXN_001161,USER_0149,SKU_00771,12.36,Bank Transfer,Australia,21,0
TXN_001162,USER_0340,SKU_00393,85.18,PayPal,USA,9,0
TXN_001163,USER_0193,SKU_00047,51.21,Bank Transfer,Germany,19,0
TXN_001164,USER_0231,SKU_00341,9.76,Credit Card,Australia,13,0
TXN_001165,USER_0111,SKU_00498,10.26,Cash,Canada,0,0
TXN_001166,USER_0145,SKU_00606,57.18,PayPal,Canada,4,1
TXN_001167,USER_0221,SKU_00478,50.21,Cash,Canada,12,0
TXN_001168,USER_0392,SKU_00426,219.05,Credit Card,Australia,5,0
TXN_001169,USER_0064,SKU_00426,18.52,Bank Transfer,Canada,21,0
TXN_001170,USER_0126,SKU_00736,93.58,Credit Card,UK,16,0
TXN_001171,USER_0218,SKU_00791,7.68,Credit Card,Canada,14,0
TXN_001172,USER_0284,SKU_00515,78.33,Cash,Australia,6,0
TXN_001173,USER_0354,SKU_00129,246.31,Credit Card,Germany,7,0
TXN_001174,USER_0474,SKU_00835,62.91,PayPal,Canada,20,0
TXN_001175,USER_0397,SKU_00249,27.99,Bank Transfer,France,1,0
TXN_001176,USER_0236,SKU_00741,187.27,Credit Card,UK,17,0
TXN_001177,USER_0485,SKU_00839,77.39,PayPal,Australia,20,0
TXN_001178,USER_0013,SKU_00131,63.66,Bank Transfer,Canada,22,0
TXN_001179,USER_0422,SKU_00740,19.73,Cash,France,6,0
TXN_001180,USER_0153,SKU_00689,78.55,Bank Transfer,Australia,19,0
TXN_001181,USER_0239,SKU_00323,27.53,Cash,Germany,15,0
TXN_001182,USER_0190,SKU_00823,74.55,Bank Transfer,UK,18,0
TXN_001183,USER_0151,SKU_00900,57.31,Credit Card,Canada,8,0
TXN_001184,USER_0086,SKU_00543,161.44,Cash,Germany,11,0
TXN_001185,USER_0021,SKU_00066,30.69,Cash,Australia,13,0
TXN_001186,USER_0182,SKU_00718,47.02,Cash,France,6,0
TXN_001187,USER_0319,SKU_00101,121.31,Credit Card,Australia,1,0
TXN_001188,USER_0158,SKU_00832,43.12,Credit Card,Australia,16,0
TXN_001189,USER_0459,SKU_00031,53.44,Bank Transfer,UK,10,0
TXN_001190,USER_0452,SKU_00885,36.35,Bank Transfer,Canada,17,0
TXN_001191,USER_0481,SKU_00191,46.36,Credit Card,Germany,11,0
TXN_001192,USER_0367,SKU_00578,106.8,Credit Card,UK,2,0
TXN_001193,USER_0076,SKU_00415,342.38,Cash,France,20,0
TXN_001194,USER_0329,SKU_00815,10.19,Bank Transfer,Canada,13,0
TXN_001195,USER_0416,SKU_00747,15.41,Bank Transfer,UK,14,0
TXN_001196,USER_0203,SKU_00790,47.4,Cash,France,18,0
TXN_001197,USER_0229,SKU_00714,57.38,Cash,France,9,0
TXN_001198,USER_0152,SKU_00500,43.92,Cash,Germany,8,0
TXN_001199,USER_0263,SKU_00862,31.4,PayPal,Australia,9,0
TXN_001200,USER_0072,SKU_00737,15.92,PayPal,France,19,0
TXN_001201,USER_0225,SKU_00595,29.64,Credit Card,France,22,0
TXN_001202,USER_0473,SKU_00046,123.62,Bank Transfer,Australia,3,0
TXN_001203,USER_0385,SKU_00089,59.92,Cash,USA,18,0
TXN_001204,USER_0131,SKU_00698,107.29,Cash,France,9,0
TXN_001205,USER_0360,SKU_00375,16.39,Bank Transfer,Canada,16,0
TXN_001206,USER_0028,SKU_00701,231.4,PayPal,UK,11,0
TXN_001207,USER_0299,SKU_00246,31.13,Bank Transfer,Australia,0,0
TXN_001208,USER_0097,SKU_00558,87.81,Credit Card,Australia,10,0
TXN_001209,USER_0046,SKU_00257,48.18,PayPal,Australia,12,0
TXN_001210,USER_0001,SKU_00352,63.64,Bank Transfer,Canada,0,1
TXN_001211,USER_0166,SKU_00921,84.17,Bank Transfer,Australia,0,0
TXN_001212,USER_0245,SKU_00573,99.54,Credit Card,Canada,20,0
TXN_001213,USER_0219,SKU_00105,802.73,Bank Transfer,Germany,15,0
TXN_001214,USER_0102,SKU_00337,103.47,PayPal,USA,6,0
TXN_001215,USER_0291,SKU_00526,101.93,Cash,Australia,22,0
TXN_001216,USER_0458,SKU_00301,171.55,Cash,USA,9,0
TXN_001217,USER_0204,SKU_00077,92.93,Cash,Australia,15,0
TXN_001218,USER_0202,SKU_00511,52.52,PayPal,Canada,0,0
TXN_001219,USER_0054,SKU_00230,75.62,Bank Transfer,UK,21,0
TXN_001220,USER_0482,SKU_00679,128.36,Bank Transfer,USA,8,0
TXN_001221,USER_0280,SKU_00578,219.37,Bank Transfer,USA,5,0
TXN_001222,USER_0412,SKU_00032,12.05,Bank Transfer,Canada,14,0
TXN_001223,USER_0278,SKU_00608,8.25,Cash,USA,3,0
TXN_001224,USER_0493,SKU_00058,210.27,PayPal,Germany,14,0
TXN_001225,USER_0016,SKU_00104,24.59,Credit Card,Canada,9,0
TXN_001226,USER_0013,SKU_00312,10.4,PayPal,USA,15,0
TXN_001227,USER_0356,SKU_00646,9.47,Bank Transfer,USA,12,0
TXN_001228,USER_0356,SKU_00729,330.91,Bank Transfer,USA,18,0
TXN_001229,USER_0318,SKU_00067,131.32,PayPal,Canada,19,0
TXN_001230,USER_0427,SKU_00978,24.65,PayPal,UK,3,0
TXN_001231,USER_0087,SKU_00690,25.69,Cash,France,19,0
TXN_001232,USER_0078,SKU_00374,57.68,Bank Transfer,Australia,21,0
TXN_001233,USER_0416,SKU_00759,128.95,PayPal,USA,15,0
TXN_001234,USER_0067,SKU_00806,81.38,Bank Transfer,France,10,1
TXN_001235,USER_0347,SKU_00235,24.88,PayPal,France,14,0
TXN_001236,USER_0211,SKU_00643,169.87,Bank Transfer,USA,10,0
TXN_001237,USER_0214,SKU_00112,53.21,PayPal,USA,22,0
TXN_001238,USER_0185,SKU_00389,90.16,Bank Transfer,Australia,10,1
TXN_001239,USER_0449,SKU_00408,98.7,Credit Card,France,2,0
TXN_001240,USER_0453,SKU_00054,6.45,Cash,UK,23,0
TXN_001241,USER_0433,SKU_00802,87.72,Credit Card,France,23,0
TXN_001242,USER_0033,SKU_00239,82.34,Cash,UK,16,0
TXN_001243,USER_0115,SKU_00752,13.75,Cash,Germany,4,0
TXN_001244,USER_0275,SKU_00295,7.84,PayPal,UK,12,0
TXN_001245,USER_0420,SKU_00112,31.05,Credit Card,Australia,9,0
TXN_001246,USER_0499,SKU_00088,65.56,Cash,Canada,4,0
TXN_001247,USER_0198,SKU_00740,72.59,Bank Transfer,USA,11,0
TXN_001248,USER_0380,SKU_00476,300.08,PayPal,Germany,7,0
TXN_001249,USER_0143,SKU_00304,65.59,PayPal,France,23,0
TXN_001250,USER_0228,SKU_00305,13.48,Bank Transfer,UK,11,0
TXN_001251,USER_0120,SKU_00290,42.48,Bank Transfer,Germany,15,0
TXN_001252,USER_0353,SKU_00208,14.9,Cash,Canada,1,0
TXN_001253,USER_0024,SKU_00868,45.65,Bank Transfer,UK,2,0
TXN_001254,USER_0027,SKU_00903,223.39,PayPal,Australia,17,0
TXN_001255,USER_0433,SKU_00786,86.42,Bank Transfer,France,16,0
TXN_001256,USER_0075,SKU_00582,26.55,Credit Card,France,1,0
TXN_001257,USER_0241,SKU_00370,98.73,PayPal,UK,21,0
TXN_001258,USER_0023,SKU_00220,25.08,Bank Transfer,Canada,11,0
TXN_001259,USER_0161,SKU_00231,3.44,PayPal,USA,16,0
TXN_001260,USER_0041,SKU_00802,15.9,Cash,USA,5,0
TXN_001261,USER_0238,SKU_00819,86.35,Credit Card,France,16,0
TXN_001262,USER_0239,SKU_00873,118.2,Cash,Canada,1,0
TXN_001263,USER_0056,SKU_00349,304.19,Credit Card,France,7,0
TXN_001264,USER_0413,SKU_00255,76.8,Bank Transfer,USA,13,0
TXN_001265,USER_0415,SKU_00452,210.01,PayPal,France,5,0
TXN_001266,USER_0449,SKU_00142,102.52,Bank Transfer,UK,8,0
TXN_001267,USER_0098,SKU_00069,139.41,Cash,Australia,0,0
TXN_001268,USER_0146,SKU_00089,164.3,PayPal,UK,4,0
TXN_001269,USER_0466,SKU_00871,88.86,Bank Transfer,Australia,6,0
TXN_001270,USER_0262,SKU_00136,159.95,Bank Transfer,Canada,8,0
TXN_001271,USER_0436,SKU_00655,27.15,PayPal,USA,13,0
TXN_001272,USER_0040,SKU_00851,4.82,PayPal,Canada,8,0
TXN_001273,USER_0193,SKU_00699,104.66,Cash,Canada,3,0
TXN_001274,USER_0239,SKU_00523,79.42,Credit Card,USA,19,0
TXN_001275,USER_0042,SKU_00660,22.75,Credit Card,Germany,14,0
TXN_001276,USER_0222,SKU_00951,15.45,PayPal,Germany,3,0
TXN_001277,USER_0196,SKU_00804,62.22,Credit Card,France,2,0
TXN_001278,USER_0288,SKU_00850,111.82,Cash,Germany,23,0
TXN_001279,USER_0010,SKU_00910,91.83,Credit Card,UK,20,0
TXN_001280,USER_0235,SKU_00442,39.38,PayPal,Australia,22,1
TXN_001281,USER_0325,SKU_00038,24.65,Cash,Canada,21,0
TXN_001282,USER_0265,SKU_00857,106.64,PayPal,France,13,0
TXN_001283,USER_0069,SKU_00208,58.71,Cash,Canada,8,0
TXN_001284,USER_0445,SKU_00210,157.61,Cash,USA,18,0
TXN_001285,USER_0139,SKU_00513,39.52,PayPal,Germany,5,0
TXN_001286,USER_0355,SKU_00360,114.38,Bank Transfer,USA,2,0
TXN_001287,USER_0219,SKU_00577,52.48,PayPal,France,17,0
TXN_001288,USER_0196,SKU_00001,26.5,Cash,Australia,15,0
TXN_001289,USER_0074,SKU_00755,138.13,PayPal,UK,2,0
TXN_001290,USER_0103,SKU_00981,20.24,PayPal,Germany,1,0
TXN_001291,USER_0225,SKU_00381,117.6,Cash,USA,1,1
TXN_001292,USER_0123,SKU_00828,65.2,Credit Card,Australia,22,0
TXN_001293,USER_0102,SKU_00537,48.41,Cash,Germany,9,0
TXN_001294,USER_0264,SKU_00859,147.05,PayPal,Canada,14,0
TXN_001295,USER_0433,SKU_00394,96.8,Cash,UK,2,0
TXN_001296,USER_0408,SKU_00050,85.92,Cash,Australia,7,0
TXN_001297,USER_0487,SKU_00396,58.47,Credit Card,Germany,17,0
TXN_001298,USER_0161,SKU_00860,349.44,Bank Transfer,UK,10,0
TXN_001299,USER_0233,SKU_00753,236.2,PayPal,Australia,6,0
TXN_001300,USER_0491,SKU_00032,136.92,PayPal,Canada,18,0
TXN_001301,USER_0275,SKU_00545,116.18,Credit Card,Canada,6,0
TXN_001302,USER_0258,SKU_00712,29.9,Cash,USA,1,0
TXN_001303,USER_0311,SKU_00234,51.98,Bank Transfer,France,5,0
TXN_001304,USER_0139,SKU_00026,103.11,PayPal,USA,4,0
TXN_001305,USER_0227,SKU_00554,156.27,Bank Transfer,UK,13,0
TXN_001306,USER_0273,SKU_00434,133.23,Bank Transfer,USA,17,0
TXN_001307,USER_0426,SKU_00061,97.61,Cash,Australia,3,0
TXN_001308,USER_0317,SKU_00553,403.68,Cash,Germany,3,0
TXN_001309,USER_0387,SKU_00441,47.68,Cash,Australia,23,0
TXN_001310,USER_0086,SKU_00130,150.38,PayPal,USA,12,0
TXN_001311,USER_0291,SKU_00867,133.15,Bank Transfer,France,22,0
TXN_001312,USER_0469,SKU_00354,85.12,Bank Transfer,Australia,20,0
TXN_001313,USER_0217,SKU_00198,88.28,PayPal,Australia,0,0
TXN_001314,USER_0359,SKU_00799,86.52,Credit Card,Australia,19,0
TXN_001315,USER_0066,SKU_00663,26.89,Cash,France,4,0
TXN_001316,USER_0257,SKU_00716,81.52,PayPal,Australia,23,0
TXN_001317,USER_0135,SKU_00694,115.39,Cash,UK,2,0
TXN_001318,USER_0404,SKU_00371,75.33,Bank Transfer,Canada,20,0
TXN_001319,USER_0427,SKU_00924,8.65,PayPal,France,18,0
TXN_001320,USER_0375,SKU_00719,11.18,Credit Card,UK,12,0
TXN_001321,USER_0390,SKU_00147,24.09,Cash,France,6,0
TXN_001322,USER_0055,SKU_00716,97.64,Bank Transfer,France,9,1
TXN_001323,USER_0356,SKU_00498,25.42,Bank Transfer,Canada,2,0
TXN_001324,USER_0243,SKU_00048,104.16,Credit Card,Germany,22,0
TXN_001325,USER_0252,SKU_00770,179.83,Credit Card,UK,1,0
TXN_001326,USER_0021,SKU_00651,207.2,Cash,France,6,0
TXN_001327,USER_0307,SKU_00172,76.46,Bank Transfer,France,8,0
TXN_001328,USER_0430,SKU_00613,161.44,Credit Card,USA,20,0
TXN_001329,USER_0163,SKU_00699,31.11,PayPal,Australia,11,0
TXN_001330,USER_0356,SKU_00896,46.92,Credit Card,Germany,21,0
TXN_001331,USER_0264,SKU_00315,17.0,PayPal,Canada,9,0
TXN_001332,USER_0498,SKU_00376,182.53,Bank Transfer,UK,18,0
TXN_001333,USER_0068,SKU_00806,389.92,Cash,France,12,0
TXN_001334,USER_0107,SKU_00921,38.53,Bank Transfer,Australia,9,0
TXN_001335,USER_0400,SKU_00875,6.23,Bank Transfer,UK,4,0
TXN_001336,USER_0067,SKU_00533,21.0,Bank Transfer,Canada,14,0
TXN_001337,USER_0199,SKU_00810,28.5,Bank Transfer,Germany,20,0
TXN_001338,USER_0192,SKU_00420,14.49,Cash,USA,2,0
TXN_001339,USER_0002,SKU_00905,19.49,Credit Card,Germany,7,0
TXN_001340,USER_0257,SKU_00396,67.0,Cash,USA,5,0
TXN_001341,USER_0442,SKU_00522,105.61,Cash,UK,18,0
TXN_001342,USER_0001,SKU_00187,6.93,Cash,Germany,16,0
TXN_001343,USER_0358,SKU_00645,32.07,Cash,Germany,9,0
TXN_001344,USER_0115,SKU_00033,56.69,Credit Card,Germany,0,0
TXN_001345,USER_0391,SKU_00069,18.79,Bank Transfer,Canada,12,0
TXN_001346,USER_0088,SKU_00592,69.14,Credit Card,UK,9,0
TXN_001347,USER_0197,SKU_00191,48.53,Credit Card,USA,11,0
TXN_001348,USER_0469,SKU_00101,34.86,Bank Transfer,Germany,1,0
TXN_001349,USER_0092,SKU_00485,23.0,Credit Card,UK,9,0
TXN_001350,USER_0274,SKU_00285,71.77,Cash,Australia,20,0
TXN_001351,USER_0344,SKU_00914,50.88,Cash,Canada,22,1
TXN_001352,USER_0160,SKU_00733,9.65,Bank Transfer,Canada,0,0
TXN_001353,USER_0173,SKU_00390,55.82,Bank Transfer,Australia,0,0
TXN_001354,USER_0033,SKU_00565,15.82,Bank Transfer,UK,19,0
TXN_001355,USER_0458,SKU_00978,10.53,Cash,USA,14,0
TXN_001356,USER_0073,SKU_00160,62.15,Bank Transfer,UK,21,0
TXN_001357,USER_0433,SKU_00892,46.39,Credit Card,UK,0,0
TXN_001358,USER_0417,SKU_00554,45.92,Credit Card,France,20,1
TXN_001359,USER_0481,SKU_00047,68.64,PayPal,Canada,8,0
TXN_001360,USER_0455,SKU_00159,83.42,PayPal,USA,23,0
TXN_001361,USER_0196,SKU_00446,69.4,Bank Transfer,France,6,0
TXN_001362,USER_0284,SKU_00696,66.92,PayPal,Australia,15,0
TXN_001363,USER_0087,SKU_00758,10.96,Cash,UK,15,0
TXN_001364,USER_0309,SKU_00523,198.99,Cash,Australia,12,0
TXN_001365,USER_0224,SKU_00666,95.34,Credit Card,Canada,9,0
TXN_001366,USER_0044,SKU_00732,21.1,Credit Card,France,17,0
TXN_001367,USER_0336,SKU_00155,53.96,PayPal,France,8,0
TXN_001368,USER_0494,SKU_00339,65.25,PayPal,USA,11,0
TXN_001369,USER_0439,SKU_00953,52.49,Cash,UK,23,0
TXN_001370,USER_0138,SKU_00365,328.02,Credit Card,USA,12,0
TXN_001371,USER_0270,SKU_00795,7.8,PayPal,France,10,0
TXN_001372,USER_0359,SKU_00699,12.48,Cash,France,14,0
TXN_001373,USER_0036,SKU_00574,5.48,Credit Card,USA,9,0
TXN_001374,USER_0034,SKU_00148,118.28,Cash,France,9,1
TXN_001375,USER_0088,SKU_00899,94.07,Cash,Germany,8,0
TXN_001376,USER_0146,SKU_00144,78.38,Credit Card,Canada,2,0
TXN_001377,USER_0016,SKU_00103,40.89,Cash,UK,22,0
TXN_001378,USER_0233,SKU_00812,81.99,PayPal,Canada,15,0
TXN_001379,USER_0421,SKU_00093,40.59,Cash,UK,11,0
TXN_001380,USER_0041,SKU_00975,114.52,PayPal,France,16,0
TXN_001381,USER_0255,SKU_00286,165.22,Bank Transfer,USA,14,0
TXN_001382,USER_0281,SKU_00424,21.52,Bank Transfer,USA,2,0
TXN_001383,USER_0126,SKU_00119,40.95,Bank Transfer,France,4,0
TXN_001384,USER_0008,SKU_00961,48.15,Cash,UK,12,0
TXN_001385,USER_0472,SKU_00029,454.22,Bank Transfer,France,23,1
TXN_001386,USER_0468,SKU_00511,24.2,Bank Transfer,UK,5,0
TXN_001387,USER_0368,SKU_00030,163.64,Cash,France,8,0
TXN_001388,USER_0350,SKU_00872,12.6,Credit Card,France,18,0
TXN_001389,USER_0340,SKU_00366,189.34,Cash,France,6,0
TXN_001390,USER_0402,SKU_00800,127.98,PayPal,USA,12,0
TXN_001391,USER_0324,SKU_00138,46.73,Cash,UK,21,0
TXN_001392,USER_0176,SKU_00475,136.55,Credit Card,Australia,4,0
TXN_001393,USER_0228,SKU_00563,33.08,Bank Transfer,France,15,0
TXN_001394,USER_0454,SKU_00392,21.7,Cash,Canada,3,0
TXN_001395,USER_0323,SKU_00435,300.81,Bank Transfer,Canada,4,0
TXN_001396,USER_0402,SKU_00804,31.78,PayPal,USA,19,0
TXN_001397,USER_0367,SKU_00234,107.45,Credit Card,Germany,18,0
TXN_001398,USER_0488,SKU_00055,165.48,Bank Transfer,Australia,22,0
TXN_001399,USER_0018,SKU_00931,122.28,Bank Transfer,USA,5,0
TXN_001400,USER_0056,SKU_00292,99.41,Bank Transfer,Germany,3,0
TXN_001401,USER_0407,SKU_00752,107.79,Bank Transfer,USA,0,0
TXN_001402,USER_0035,SKU_00312,157.19,Cash,Canada,16,0
TXN_001403,USER_0390,SKU_00548,75.02,Credit Card,France,8,0
TXN_001404,USER_0118,SKU_00089,52.48,Credit Card,UK,15,0
TXN_001405,USER_0282,SKU_00212,13.89,Bank Transfer,France,22,0
TXN_001406,USER_0254,SKU_00957,75.05,Credit Card,Canada,1,0
TXN_001407,USER_0213,SKU_00318,305.36,Bank Transfer,UK,10,1
TXN_001408,USER_0061,SKU_00877,18.16,PayPal,Germany,4,0
TXN_001409,USER_0088,SKU_00757,43.42,PayPal,Germany,12,0
TXN_001410,USER_0271,SKU_00465,167.08,PayPal,Canada,19,1
TXN_001411,USER_0347,SKU_00087,495.48,Credit Card,UK,16,1
TXN_001412,USER_0032,SKU_00409,17.14,Bank Transfer,France,14,0
TXN_001413,USER_0396,SKU_00240,120.72,Cash,Canada,21,0
TXN_001414,USER_0133,SKU_00832,38.18,Cash,Germany,11,0
TXN_001415,USER_0064,SKU_00700,27.84,PayPal,Canada,5,0
TXN_001416,USER_0199,SKU_00057,21.8,PayPal,France,19,0
TXN_001417,USER_0256,SKU_00113,28.35,Credit Card,USA,12,0
TXN_001418,USER_0342,SKU_00735,89.94,Cash,Australia,17,0
TXN_001419,USER_0155,SKU_00070,43.48,Credit Card,Australia,23,0
TXN_001420,USER_0463,SKU_00739,223.04,PayPal,Australia,14,1
TXN_001421,USER_0231,SKU_00768,17.78,Bank Transfer,USA,14,0
TXN_001422,USER_0301,SKU_00692,109.62,Bank Transfer,France,7,0
TXN_001423,USER_0035,SKU_00184,168.5,Bank Transfer,UK,18,1
TXN_001424,USER_0026,SKU_00703,12.09,PayPal,Canada,22,0
TXN_001425,USER_0023,SKU_00964,246.22,Credit Card,France,13,0
TXN_001426,USER_0141,SKU_00744,76.7,Bank Transfer,USA,6,0
TXN_001427,USER_0474,SKU_00276,117.38,Cash,Germany,13,0
TXN_001428,USER_0387,SKU_00233,173.49,Cash,Australia,4,0
TXN_001429,USER_0285,SKU_00054,143.79,PayPal,Australia,14,0
TXN_001430,USER_0450,SKU_00257,48.13,Cash,France,20,0
TXN_001431,USER_0320,SKU_00090,112.75,Cash,Australia,14,0
TXN_001432,USER_0156,SKU_00738,8.93,PayPal,Australia,23,0
TXN_001433,USER_0471,SKU_00759,80.94,Credit Card,France,3,0
TXN_001434,USER_0420,SKU_00906,308.74,Bank Transfer,France,0,0
TXN_001435,USER_0113,SKU_00663,27.24,PayPal,USA,16,0
TXN_001436,USER_0390,SKU_00435,136.38,Cash,USA,19,0
TXN_001437,USER_0139,SKU_00625,321.5,Bank Transfer,Australia,0,0
TXN_001438,USER_0422,SKU_00408,108.77,Bank Transfer,France,15,0
TXN_001439,USER_0374,SKU_00269,152.23,Bank Transfer,France,12,0
TXN_001440,USER_0418,SKU_00669,11.36,PayPal,Australia,17,0
TXN_001441,USER_0209,SKU_00954,21.44,Bank Transfer,UK,9,0
TXN_001442,USER_0323,SKU_00366,228.09,Credit Card,Germany,22,0
TXN_001443,USER_0364,SKU_00859,142.64,Cash,Canada,17,0
TXN_001444,USER_0430,SKU_00351,89.66,PayPal,Canada,16,0
TXN_001445,USER_0482,SKU_00299,41.9,PayPal,Australia,8,0
TXN_001446,USER_0086,SKU_00906,72.58,Bank Transfer,Canada,13,0
TXN_001447,USER_0285,SKU_00159,310.49,Cash,USA,20,0
TXN_001448,USER_0060,SKU_00487,49.31,Bank Transfer,USA,12,0
TXN_001449,USER_0054,SKU_00842,109.86,Bank Transfer,UK,19,0
TXN_001450,USER_0093,SKU_00984,107.02,PayPal,Australia,19,0
TXN_001451,USER_0325,SKU_00737,56.1,Credit Card,USA,13,1
TXN_001452,USER_0458,SKU_00526,30.31,Cash,Australia,10,0
TXN_001453,USER_0458,SKU_00355,251.39,Cash,Australia,12,0
TXN_001454,USER_0373,SKU_00621,96.56,Cash,France,16,0
TXN_001455,USER_0265,SKU_00930,27.65,Cash,Germany,2,0
TXN_001456,USER_0382,SKU_00401,39.99,Credit Card,Germany,0,0
TXN_001457,USER_0213,SKU_00405,20.38,PayPal,Australia,20,0
TXN_001458,USER_0333,SKU_00096,158.62,Credit Card,Germany,4,0
TXN_001459,USER_0010,SKU_00707,42.45,Bank Transfer,Germany,12,0
TXN_001460,USER_0358,SKU_00570,43.02,PayPal,Canada,23,0
TXN_001461,USER_0203,SKU_00975,126.59,Credit Card,Canada,4,0
TXN_001462,USER_0196,SKU_00392,10.18,Cash,France,4,0
TXN_001463,USER_0058,SKU_00352,52.62,Cash,UK,22,0
TXN_001464,USER_0494,SKU_00806,54.01,PayPal,USA,11,0
TXN_001465,USER_0256,SKU_00666,82.06,Credit Card,USA,1,1
TXN_001466,USER_0223,SKU_00576,31.51,PayPal,Canada,22,0
TXN_001467,USER_0369,SKU_00670,26.84,Cash,Australia,15,0
TXN_001468,USER_0180,SKU_00777,72.42,Credit Card,Germany,16,0
TXN_001469,USER_0418,SKU_00633,19.88,Cash,France,4,0
TXN_001470,USER_0362,SKU_00288,64.15,PayPal,UK,11,0
TXN_001471,USER_0035,SKU_00523,31.41,PayPal,Canada,14,0
TXN_001472,USER_0359,SKU_00726,33.57,PayPal,Australia,5,0
TXN_001473,USER_0103,SKU_00162,66.49,PayPal,France,12,0
TXN_001474,USER_0161,SKU_00617,33.2,PayPal,Australia,10,0
TXN_001475,USER_0200,SKU_00914,193.84,Bank Transfer,France,16,0
TXN_001476,USER_0160,SKU_00659,47.46,PayPal,Canada,8,0
TXN_001477,USER_0183,SKU_00182,155.5,PayPal,France,15,0
TXN_001478,USER_0353,SKU_00850,25.48,Cash,Germany,16,0
TXN_001479,USER_0136,SKU_00549,24.93,PayPal,France,19,0
TXN_001480,USER_0430,SKU_00082,10.35,Credit Card,UK,23,0
TXN_001481,USER_0398,SKU_00524,33.38,PayPal,France,17,0
TXN_001482,USER_0226,SKU_00004,43.27,Bank Transfer,USA,12,0
TXN_001483,USER_0392,SKU_00495,58.97,PayPal,France,10,0
TXN_001484,USER_0243,SKU_00555,109.66,Cash,Australia,12,0
TXN_001485,USER_0106,SKU_00923,101.98,Credit Card,Canada,23,0
TXN_001486,USER_0071,SKU_00051,169.97,Credit Card,USA,12,0
TXN_001487,USER_0077,SKU_00261,22.48,PayPal,Canada,11,0
TXN_001488,USER_0054,SKU_00134,56.31,PayPal,Australia,13,0
TXN_001489,USER_0277,SKU_00973,20.08,PayPal,UK,12,0
TXN_001490,USER_0111,SKU_00599,82.62,PayPal,Germany,8,0
TXN_001491,USER_0224,SKU_00362,331.71,Cash,UK,13,0
TXN_001492,USER_0075,SKU_00568,16.5,Cash,USA,0,0
TXN_001493,USER_0014,SKU_00217,108.59,Credit Card,Australia,8,0
TXN_001494,USER_0459,SKU_00878,311.62,PayPal,Australia,3,1
TXN_001495,USER_0258,SKU_00068,22.36,Cash,Germany,11,0
TXN_001496,USER_0482,SKU_00864,84.46,Cash,France,23,0
TXN_001497,USER_0189,SKU_00556,38.09,Credit Card,USA,13,0
TXN_001498,USER_0364,SKU_00143,48.37,Credit Card,Germany,8,0
TXN_001499,USER_0239,SKU_00346,36.85,Bank Transfer,Canada,2,0
TXN_001500,USER_0401,SKU_00554,43.6,Cash,Germany,5,0
TXN_001501,USER_0334,SKU_00651,173.39,Credit Card,Canada,2,0
TXN_001502,USER_0473,SKU_00585,50.44,Cash,Canada,0,0
TXN_001503,USER_0304,SKU_00779,29.91,Cash,Australia,21,0
TXN_001504,USER_0091,SKU_00194,58.5,PayPal,Germany,20,0
TXN_001505,USER_0392,SKU_00667,6.54,PayPal,Australia,2,0
TXN_001506,USER_0184,SKU_00246,24.12,PayPal,Australia,13,0
TXN_001507,USER_0017,SKU_00314,190.3,PayPal,UK,19,0
TXN_001508,USER_0453,SKU_00730,47.21,Cash,UK,1,0
TXN_001509,USER_0012,SKU_00968,33.85,Bank Transfer,Australia,11,0
TXN_001510,USER_0166,SKU_00384,129.82,Bank Transfer,Australia,9,1
TXN_001511,USER_0146,SKU_00765,114.05,Bank Transfer,Canada,12,0
TXN_001512,USER_0282,SKU_00789,412.36,Cash,Australia,19,1
TXN_001513,USER_0479,SKU_00277,34.78,Bank Transfer,USA,3,0
TXN_001514,USER_0037,SKU_00072,35.59,Cash,Germany,18,0
TXN_001515,USER_0070,SKU_00129,43.68,Credit Card,USA,21,0
TXN_001516,USER_0169,SKU_00358,152.8,Bank Transfer,UK,0,0
TXN_001517,USER_0335,SKU_00698,57.8,Cash,USA,10,0
TXN_001518,USER_0170,SKU_00525,476.22,Credit Card,France,15,0
TXN_001519,USER_0497,SKU_00841,46.48,PayPal,France,18,0
TXN_001520,USER_0253,SKU_00220,318.46,Credit Card,UK,18,0
TXN_001521,USER_0346,SKU_00006,22.35,Credit Card,USA,11,0
TXN_001522,USER_0499,SKU_00751,13.6,Bank Transfer,Germany,2,0
TXN_001523,USER_0460,SKU_00983,49.33,PayPal,UK,22,0
TXN_001524,USER_0297,SKU_00624,170.61,PayPal,France,23,0
TXN_001525,USER_0431,SKU_00228,33.89,Bank Transfer,UK,17,0
TXN_001526,USER_0142,SKU_00954,29.47,Credit Card,USA,16,0
TXN_001527,USER_0385,SKU_00017,152.17,Cash,USA,4,0
TXN_001528,USER_0273,SKU_00585,110.51,Bank Transfer,USA,15,0
TXN_001529,USER_0225,SKU_00012,24.72,Credit Card,Canada,23,0
TXN_001530,USER_0183,SKU_00598,23.32,Cash,USA,13,0
TXN_001531,USER_0221,SKU_00499,125.12,Bank Transfer,Australia,18,0
TXN_001532,USER_0053,SKU_00692,10.68,Bank Transfer,France,5,0
TXN_001533,USER_0118,SKU_00634,160.7,PayPal,France,2,0
TXN_001534,USER_0365,SKU_00716,109.05,PayPal,Canada,5,0
TXN_001535,USER_0159,SKU_00502,5.58,PayPal,France,11,0
TXN_001536,USER_0446,SKU_00070,55.45,Cash,France,19,0
TXN_001537,USER_0136,SKU_00108,7.55,Bank Transfer,UK,10,0
TXN_001538,USER_0414,SKU_00201,16.36,PayPal,USA,6,0
TXN_001539,USER_0077,SKU_00052,33.02,PayPal,Australia,0,0
TXN_001540,USER_0336,SKU_00549,15.37,Bank Transfer,Australia,15,0
TXN_001541,USER_0450,SKU_00629,1003.56,Cash,UK,15,1
TXN_001542,USER_0045,SKU_00259,259.1,PayPal,Australia,16,1
TXN_001543,USER_0018,SKU_00482,214.31,Credit Card,UK,14,0
TXN_001544,USER_0355,SKU_00264,47.45,Cash,Australia,20,0
TXN_001545,USER_0429,SKU_00906,56.29,PayPal,France,8,0
TXN_001546,USER_0403,SKU_00303,265.26,Credit Card,Germany,4,0
TXN_001547,USER_0205,SKU_00937,84.25,PayPal,USA,19,0
TXN_001548,USER_0499,SKU_00576,100.71,Cash,Germany,7,0
TXN_001549,USER_0324,SKU_00554,43.9,Bank Transfer,France,20,1
TXN_001550,USER_0083,SKU_00555,21.85,Bank Transfer,Canada,0,0
TXN_001551,USER_0050,SKU_00125,70.88,Cash,UK,6,0
TXN_001552,USER_0281,SKU_00905,79.28,PayPal,Australia,10,0
TXN_001553,USER_0166,SKU_00270,20.14,Cash,Australia,19,0
TXN_001554,USER_0243,SKU_00997,78.14,Credit Card,France,20,0
TXN_001555,USER_0377,SKU_00859,16.09,PayPal,Australia,12,0
TXN_001556,USER_0479,SKU_00745,55.36,Cash,France,21,0
TXN_001557,USER_0164,SKU_00480,12.97,Bank Transfer,Germany,12,0
TXN_001558,USER_0324,SKU_00132,206.02,Cash,Canada,6,0
TXN_001559,USER_0056,SKU_00002,40.0,PayPal,UK,10,0
TXN_001560,USER_0039,SKU_00115,27.29,Cash,Australia,17,0
TXN_001561,USER_0319,SKU_00481,17.36,Bank Transfer,Canada,0,0
TXN_001562,USER_0128,SKU_00981,15.77,Credit Card,Canada,11,0
TXN_001563,USER_0391,SKU_00001,84.47,Cash,Canada,2,0
TXN_001564,USER_0122,SKU_00331,148.98,Cash,USA,0,0
TXN_001565,USER_0247,SKU_00577,134.79,Credit Card,Canada,3,0
TXN_001566,USER_0186,SKU_00942,441.3,Cash,France,5,1
TXN_001567,USER_0208,SKU_00955,313.62,Bank Transfer,USA,4,0
TXN_001568,USER_0315,SKU_00971,142.3,Credit Card,USA,10,0
TXN_001569,USER_0304,SKU_00637,33.02,Bank Transfer,Canada,19,0
TXN_001570,USER_0389,SKU_00768,64.68,Bank Transfer,Australia,22,0
TXN_001571,USER_0239,SKU_00391,5.71,Bank Transfer,Australia,12,0
TXN_001572,USER_0215,SKU_00834,103.29,PayPal,Australia,10,0
TXN_001573,USER_0292,SKU_00143,63.39,Credit Card,Australia,5,0
TXN_001574,USER_0224,SKU_00328,269.14,PayPal,France,18,0
TXN_001575,USER_0088,SKU_00758,51.92,PayPal,Australia,14,1
TXN_001576,USER_0025,SKU_00628,91.42,Cash,UK,20,0
TXN_001577,USER_0429,SKU_00377,20.02,Credit Card,Canada,12,0
TXN_001578,USER_0220,SKU_00815,48.91,Cash,USA,9,0
TXN_001579,USER_0275,SKU_00090,10.64,PayPal,UK,0,0
TXN_001580,USER_0135,SKU_00808,423.78,Cash,Australia,12,1
TXN_001581,USER_0492,SKU_00042,156.44,Bank Transfer,UK,5,0
TXN_001582,USER_0442,SKU_00947,34.03,PayPal,USA,20,0
TXN_001583,USER_0233,SKU_00035,141.88,Bank Transfer,Australia,23,1
TXN_001584,USER_0465,SKU_00494,56.74,Credit Card,UK,19,0
TXN_001585,USER_0066,SKU_00553,29.6,Cash,France,11,0
TXN_001586,USER_0080,SKU_00853,61.76,PayPal,France,16,0
TXN_001587,USER_0423,SKU_00124,35.07,Credit Card,Canada,17,0
TXN_001588,USER_0255,SKU_00057,145.52,Bank Transfer,Canada,23,0
TXN_001589,USER_0125,SKU_00806,44.22,Cash,UK,7,0
TXN_001590,USER_0146,SKU_00456,596.18,Cash,USA,13,0
TXN_001591,USER_0103,SKU_00235,50.51,PayPal,France,4,0
TXN_001592,USER_0385,SKU_00608,61.12,Cash,Germany,21,0
TXN_001593,USER_0447,SKU_00392,92.59,Cash,Canada,1,0
TXN_001594,USER_0387,SKU_00492,126.1,Bank Transfer,France,21,0
TXN_001595,USER_0383,SKU_00970,59.03,Bank Transfer,Australia,10,0
TXN_001596,USER_0277,SKU_00831,90.59,Bank Transfer,UK,2,0
TXN_001597,USER_0382,SKU_00343,65.55,Credit Card,France,21,0
TXN_001598,USER_0124,SKU_00644,25.06,Credit Card,France,15,0
TXN_001599,USER_0414,SKU_00176,19.14,Cash,UK,20,0
TXN_001600,USER_0267,SKU_00052,109.86,Credit Card,Canada,15,0
TXN_001601,USER_0278,SKU_00550,248.94,PayPal,Canada,8,0
TXN_001602,USER_0111,SKU_00478,10.69,Bank Transfer,Germany,12,0
TXN_001603,USER_0381,SKU_00489,13.01,Credit Card,Germany,9,0
TXN_001604,USER_0313,SKU_00855,12.88,Cash,Canada,16,0
TXN_001605,USER_0089,SKU_00005,118.53,Bank Transfer,Canada,20,0
TXN_001606,USER_0387,SKU_00725,128.84,Credit Card,Canada,16,0
TXN_001607,USER_0158,SKU_00632,20.57,Bank Transfer,Canada,9,0
TXN_001608,USER_0216,SKU_00838,495.61,Credit Card,France,7,0
TXN_001609,USER_0384,SKU_00881,37.15,Cash,Germany,6,0
TXN_001610,USER_0301,SKU_00209,229.44,Credit Card,UK,13,0
TXN_001611,USER_0036,SKU_00217,122.55,Credit Card,USA,21,0
TXN_001612,USER_0087,SKU_00536,20.94,Credit Card,UK,17,0
TXN_001613,USER_0118,SKU_00342,35.94,Bank Transfer,Australia,20,0
TXN_001614,USER_0328,SKU_00717,22.82,Credit Card,USA,18,0
TXN_001615,USER_0448,SKU_00401,14.23,Credit Card,France,17,0
TXN_001616,USER_0182,SKU_00462,84.76,Credit Card,Australia,13,1
TXN_001617,USER_0068,SKU_00738,16.47,Bank Transfer,Germany,9,0
TXN_001618,USER_0434,SKU_00730,45.84,Cash,USA,0,0
TXN_001619,USER_0359,SKU_00211,754.54,Cash,Canada,8,1
TXN_001620,USER_0491,SKU_00026,109.58,Cash,Australia,17,0
TXN_001621,USER_0159,SKU_00252,31.28,Credit Card,France,12,0
TXN_001622,USER_0285,SKU_00003,28.83,Bank Transfer,USA,16,0
TXN_001623,USER_0443,SKU_00002,36.56,Cash,Canada,22,0
TXN_001624,USER_0164,SKU_00604,433.17,Cash,Australia,21,0
TXN_001625,USER_0461,SKU_00002,18.39,Cash,France,15,0
TXN_001626,USER_0361,SKU_00150,54.5,PayPal,Australia,23,0
TXN_001627,USER_0073,SKU_00583,86.95,Bank Transfer,USA,10,0
TXN_001628,USER_0119,SKU_00004,184.1,PayPal,Canada,22,0
TXN_001629,USER_0341,SKU_00497,39.15,Credit Card,Germany,8,0
TXN_001630,USER_0499,SKU_00550,20.85,Cash,France,6,0
TXN_001631,USER_0195,SKU_00871,72.93,Credit Card,USA,21,0
TXN_001632,USER_0089,SKU_00468,406.6,Bank Transfer,Canada,0,1
TXN_001633,USER_0345,SKU_00070,41.56,Credit Card,Germany,8,0
TXN_001634,USER_0076,SKU_00201,23.58,Credit Card,Australia,9,0
TXN_001635,USER_0221,SKU_00308,60.96,Cash,Canada,15,0
TXN_001636,USER_0139,SKU_00252,10.77,Bank Transfer,Germany,20,0
TXN_001637,USER_0372,SKU_00287,43.87,Credit Card,USA,17,0
TXN_001638,USER_0395,SKU_00922,177.33,PayPal,Canada,13,0
TXN_001639,USER_0241,SKU_00292,261.9,Cash,Canada,10,1
TXN_001640,USER_0154,SKU_00154,47.28,PayPal,UK,23,0
TXN_001641,USER_0053,SKU_00924,286.96,Cash,France,3,0
TXN_001642,USER_0142,SKU_00133,368.66,Credit Card,Canada,18,0
TXN_001643,USER_0320,SKU_00883,106.07,Cash,Germany,12,0
TXN_001644,USER_0464,SKU_00586,12.58,Credit Card,France,0,0
TXN_001645,USER_0394,SKU_00274,8.33,PayPal,USA,20,0
TXN_001646,USER_0031,SKU_00783,217.78,Credit Card,France,18,0
TXN_001647,USER_0223,SKU_00697,139.48,Cash,UK,14,1
TXN_001648,USER_0292,SKU_00509,280.21,Cash,USA,19,0
TXN_001649,USER_0266,SKU_00353,14.32,Cash,Canada,14,0
TXN_001650,USER_0282,SKU_00005,46.47,PayPal,Australia,10,0
TXN_001651,USER_0276,SKU_00293,152.81,Bank Transfer,USA,22,0
TXN_001652,USER_0381,SKU_00360,26.32,PayPal,USA,4,0
TXN_001653,USER_0044,SKU_00598,150.62,Credit Card,UK,23,0
TXN_001654,USER_0062,SKU_00214,48.29,Credit Card,Germany,21,0
TXN_001655,USER_0201,SKU_00406,56.15,PayPal,USA,9,0
TXN_001656,USER_0335,SKU_00436,16.72,PayPal,Germany,17,0
TXN_001657,USER_0009,SKU_00015,70.2,Credit Card,France,6,0
TXN_001658,USER_0071,SKU_00273,489.21,Credit Card,Australia,0,0
TXN_001659,USER_0090,SKU_00563,80.48,Credit Card,UK,2,0
TXN_001660,USER_0024,SKU_00765,24.74,Bank Transfer,Canada,0,0
TXN_001661,USER_0140,SKU_00045,220.42,Bank Transfer,USA,16,0
TXN_001662,USER_0316,SKU_00703,25.49,PayPal,Australia,14,0
TXN_001663,USER_0340,SKU_00634,305.24,PayPal,Australia,4,0
TXN_001664,USER_0376,SKU_00412,15.26,Bank Transfer,Germany,21,0
TXN_001665,USER_0078,SKU_00187,71.72,Cash,USA,15,0
TXN_001666,USER_0214,SKU_00726,251.22,Bank Transfer,Australia,11,0
TXN_001667,USER_0016,SKU_00661,22.95,PayPal,UK,18,0
TXN_001668,USER_0029,SKU_00170,59.33,Bank Transfer,Canada,13,0
TXN_001669,USER_0416,SKU_00721,173.69,Cash,France,2,0
TXN_001670,USER_0467,SKU_00965,5.72,PayPal,France,18,0
TXN_001671,USER_0375,SKU_00594,137.95,Credit Card,Germany,0,0
TXN_001672,USER_0291,SKU_00401,50.0,PayPal,Australia,20,0
TXN_001673,USER_0043,SKU_00708,230.89,Bank Transfer,France,0,0
TXN_001674,USER_0352,SKU_00246,23.87,Bank Transfer,Germany,9,0
TXN_001675,USER_0375,SKU_00903,13.64,Cash,Canada,2,0
TXN_001676,USER_0053,SKU_00857,31.72,Bank Transfer,USA,12,0
TXN_001677,USER_0276,SKU_00869,31.07,Cash,UK,5,0
TXN_001678,USER_0371,SKU_00552,44.41,PayPal,Canada,10,0
TXN_001679,USER_0232,SKU_00680,34.17,Bank Transfer,Canada,5,0
TXN_001680,USER_0212,SKU_00043,7.33,PayPal,France,2,0
TXN_001681,USER_0008,SKU_00841,99.3,Credit Card,France,15,1
TXN_001682,USER_0122,SKU_00723,68.84,Credit Card,UK,8,0
TXN_001683,USER_0483,SKU_00179,45.0,Cash,USA,7,0
TXN_001684,USER_0042,SKU_00457,72.74,Bank Transfer,Canada,2,0
TXN_001685,USER_0333,SKU_00535,59.44,PayPal,Australia,4,0
TXN_001686,USER_0233,SKU_00607,13.71,PayPal,France,20,0
TXN_001687,USER_0070,SKU_00672,40.41,Bank Transfer,Canada,13,0
TXN_001688,USER_0367,SKU_00244,61.18,PayPal,USA,4,0
TXN_001689,USER_0016,SKU_00927,43.07,Bank Transfer,Germany,18,0
TXN_001690,USER_0069,SKU_00017,12.27,Bank Transfer,USA,4,0
TXN_001691,USER_0053,SKU_00112,185.51,Credit Card,Canada,20,0
TXN_001692,USER_0173,SKU_00615,20.65,Bank Transfer,Canada,19,0
TXN_001693,USER_0435,SKU_00826,15.77,PayPal,UK,19,0
TXN_001694,USER_0482,SKU_00598,56.87,Bank Transfer,Canada,1,0
TXN_001695,USER_0262,SKU_00547,39.81,Credit Card,France,6,0
TXN_001696,USER_0379,SKU_00030,99.63,Credit Card,Australia,0,0
TXN_001697,USER_0289,SKU_00192,130.67,Cash,UK,20,0
TXN_001698,USER_0463,SKU_00437,112.23,PayPal,Canada,17,0
TXN_001699,USER_0015,SKU_00179,54.5,Bank Transfer,USA,9,0
TXN_001700,USER_0270,SKU_00616,94.94,PayPal,Canada,5,0
TXN_001701,USER_0167,SKU_00677,11.47,PayPal,USA,6,0
TXN_001702,USER_0063,SKU_00474,163.1,Bank Transfer,USA,11,0
TXN_001703,USER_0261,SKU_00634,36.42,Credit Card,Canada,17,0
TXN_001704,USER_0121,SKU_00134,391.48,PayPal,USA,10,0
TXN_001705,USER_0346,SKU_00802,168.14,Cash,Australia,21,0
TXN_001706,USER_0240,SKU_00312,44.82,PayPal,Germany,18,0
TXN_001707,USER_0465,SKU_00736,55.78,Credit Card,UK,3,0
TXN_001708,USER_0107,SKU_00025,178.41,Cash,Canada,18,0
TXN_001709,USER_0495,SKU_00371,5.7,Cash,Germany,12,0
TXN_001710,USER_0180,SKU_00525,46.51,Cash,USA,18,0
TXN_001711,USER_0016,SKU_00319,299.29,Cash,USA,1,0
TXN_001712,USER_0355,SKU_00230,127.08,Bank Transfer,UK,8,0
TXN_001713,USER_0422,SKU_00102,23.62,Bank Transfer,Germany,7,0
TXN_001714,USER_0309,SKU_00450,74.77,Bank Transfer,Germany,20,0
TXN_001715,USER_0215,SKU_00378,20.56,Cash,Canada,13,0
TXN_001716,USER_0077,SKU_00888,38.8,Credit Card,USA,8,0
TXN_001717,USER_0225,SKU_00901,76.24,PayPal,France,12,0
TXN_001718,USER_0093,SKU_00203,90.91,Cash,Canada,17,0
TXN_001719,USER_0181,SKU_00267,113.23,Credit Card,Canada,5,0
TXN_001720,USER_0174,SKU_00984,187.5,PayPal,Canada,22,0
TXN_001721,USER_0354,SKU_00462,16.55,Cash,UK,21,0
TXN_001722,USER_0354,SKU_00365,55.93,PayPal,UK,2,0
TXN_001723,USER_0219,SKU_00734,23.33,Bank Transfer,Canada,9,0
TXN_001724,USER_0143,SKU_00104,36.64,Bank Transfer,Australia,9,0
TXN_001725,USER_0315,SKU_00111,25.68,Bank Transfer,France,9,0
TXN_001726,USER_0434,SKU_00428,89.96,Credit Card,Germany,8,0
TXN_001727,USER_0393,SKU_00995,156.49,Bank Transfer,Germany,11,0
TXN_001728,USER_0282,SKU_00469,165.18,Credit Card,USA,23,0
TXN_001729,USER_0259,SKU_00581,18.08,Bank Transfer,Germany,7,0
TXN_001730,USER_0356,SKU_00870,48.26,Bank Transfer,Germany,23,0
TXN_001731,USER_0047,SKU_00770,17.59,Bank Transfer,France,8,0
TXN_001732,USER_0005,SKU_00680,17.01,Credit Card,Germany,16,0
TXN_001733,USER_0062,SKU_00805,28.17,PayPal,France,7,0
TXN_001734,USER_0468,SKU_00886,76.96,Credit Card,UK,17,0
TXN_001735,USER_0084,SKU_00561,91.74,Cash,France,19,0
TXN_001736,USER_0133,SKU_00250,210.06,Cash,UK,16,1
TXN_001737,USER_0394,SKU_00482,98.73,Credit Card,France,5,0
TXN_001738,USER_0336,SKU_00331,23.39,Credit Card,Canada,9,0
TXN_001739,USER_0063,SKU_00932,178.17,PayPal,Australia,0,0
TXN_001740,USER_0281,SKU_00587,121.91,Credit Card,UK,20,0
TXN_001741,USER_0044,SKU_00201,36.14,Bank Transfer,UK,0,0
TXN_001742,USER_0153,SKU_00454,37.53,PayPal,Germany,8,0
TXN_001743,USER_0414,SKU_00504,28.29,Credit Card,UK,19,0
TXN_001744,USER_0270,SKU_00546,15.0,Credit Card,France,2,0
TXN_001745,USER_0342,SKU_00826,106.27,Cash,Canada,23,0
TXN_001746,USER_0171,SKU_00111,124.22,PayPal,Canada,5,0
TXN_001747,USER_0156,SKU_00933,21.63,Cash,Germany,6,0
TXN_001748,USER_0478,SKU_00864,15.93,Credit Card,France,8,0
TXN_001749,USER_0275,SKU_00828,21.4,PayPal,France,4,0
TXN_001750,USER_0358,SKU_00908,60.96,Bank Transfer,USA,15,0
TXN_001751,USER_0426,SKU_00749,13.71,Credit Card,UK,1,0
TXN_001752,USER_0020,SKU_00544,168.65,Credit Card,Germany,2,0
TXN_001753,USER_0483,SKU_00209,158.85,Cash,Canada,2,0
TXN_001754,USER_0214,SKU_00644,83.46,Bank Transfer,Australia,19,0
TXN_001755,USER_0079,SKU_00618,122.7,Credit Card,USA,22,0
TXN_001756,USER_0139,SKU_00033,57.9,Cash,France,9,0
TXN_001757,USER_0438,SKU_00555,86.93,Cash,UK,21,0
TXN_001758,USER_0098,SKU_00880,14.88,Credit Card,Canada,2,0
TXN_001759,USER_0377,SKU_00107,219.31,PayPal,USA,14,0
TXN_001760,USER_0152,SKU_00265,33.54,Credit Card,France,13,0
TXN_001761,USER_0198,SKU_00226,48.0,Bank Transfer,Canada,22,0
TXN_001762,USER_0273,SKU_00487,656.68,Credit Card,Canada,3,0
TXN_001763,USER_0156,SKU_00179,43.82,PayPal,France,9,0
TXN_001764,USER_0050,SKU_00222,114.37,Cash,France,10,0
TXN_001765,USER_0479,SKU_00370,91.33,Bank Transfer,Germany,10,0
TXN_001766,USER_0228,SKU_00637,14.4,Bank Transfer,Canada,7,0
TXN_001767,USER_0439,SKU_00788,20.09,Bank Transfer,France,22,0
TXN_001768,USER_0457,SKU_00167,418.17,Bank Transfer,Australia,22,0
TXN_001769,USER_0010,SKU_00663,194.86,PayPal,Australia,8,1
TXN_001770,USER_0149,SKU_00553,53.68,PayPal,USA,7,0
TXN_001771,USER_0058,SKU_00300,31.96,PayPal,UK,11,0
TXN_001772,USER_0162,SKU_00381,75.19,PayPal,Australia,16,0
TXN_001773,USER_0351,SKU_00035,82.69,Cash,Germany,22,0
TXN_001774,USER_0477,SKU_00407,68.48,Credit Card,France,14,0
TXN_001775,USER_0107,SKU_00502,159.01,PayPal,UK,18,0
TXN_001776,USER_0427,SKU_00314,22.95,Credit Card,Germany,19,0
TXN_001777,USER_0395,SKU_00816,20.07,Bank Transfer,Canada,5,0
TXN_001778,USER_0289,SKU_00743,154.95,Cash,UK,4,0
TXN_001779,USER_0186,SKU_00727,451.55,Cash,Australia,7,0
TXN_001780,USER_0046,SKU_00826,126.8,Credit Card,Germany,17,0
TXN_001781,USER_0445,SKU_00101,199.89,Credit Card,France,20,0
TXN_001782,USER_0446,SKU_00569,50.66,Credit Card,France,20,0
TXN_001783,USER_0129,SKU_00215,71.24,Cash,Germany,14,0
TXN_001784,USER_0405,SKU_00935,70.29,PayPal,Canada,2,0
TXN_001785,USER_0318,SKU_00668,51.65,Cash,Australia,13,0
TXN_001786,USER_0448,SKU_00576,223.92,PayPal,Germany,14,0
TXN_001787,USER_0087,SKU_00062,333.28,Bank Transfer,USA,12,1
TXN_001788,USER_0249,SKU_00851,73.26,PayPal,Germany,20,1
TXN_001789,USER_0329,SKU_00369,10.53,Credit Card,Germany,19,0
TXN_001790,USER_0440,SKU_00368,51.24,PayPal,Australia,20,0
TXN_001791,USER_0257,SKU_00574,17.21,PayPal,France,8,0
TXN_001792,USER_0277,SKU_00094,55.91,Cash,Canada,22,0
TXN_001793,USER_0278,SKU_00469,18.62,Credit Card,Germany,16,0
TXN_001794,USER_0438,SKU_00984,191.81,Bank Transfer,UK,18,0
TXN_001795,USER_0004,SKU_00853,108.25,PayPal,France,3,0
TXN_001796,USER_0065,SKU_00026,105.65,Bank Transfer,France,19,0
TXN_001797,USER_0435,SKU_00435,159.52,Credit Card,Germany,9,0
TXN_001798,USER_0202,SKU_00121,80.73,PayPal,Australia,21,0
TXN_001799,USER_0063,SKU_00050,94.33,Cash,UK,2,0
TXN_001800,USER_0143,SKU_00883,229.22,Bank Transfer,Germany,18,0
TXN_001801,USER_0244,SKU_00764,47.73,Cash,UK,8,0
TXN_001802,USER_0292,SKU_00036,99.99,Bank Transfer,France,4,0
TXN_001803,USER_0285,SKU_00410,19.05,Credit Card,UK,13,0
TXN_001804,USER_0180,SKU_00289,59.1,PayPal,Germany,6,0
TXN_001805,USER_0174,SKU_00379,522.84,Bank Transfer,USA,20,0
TXN_001806,USER_0325,SKU_00100,123.33,Cash,USA,5,0
TXN_001807,USER_0413,SKU_00324,50.1,Bank Transfer,UK,23,0
TXN_001808,USER_0111,SKU_00329,71.13,Bank Transfer,Australia,7,0
TXN_001809,USER_0175,SKU_00648,53.46,Bank Transfer,Germany,1,0
TXN_001810,USER_0475,SKU_00706,68.83,Bank Transfer,Canada,13,0
TXN_001811,USER_0153,SKU_00221,36.63,Bank Transfer,USA,21,0
TXN_001812,USER_0464,SKU_00791,89.56,Bank Transfer,France,6,0
TXN_001813,USER_0400,SKU_00838,92.79,Cash,Germany,2,0
TXN_001814,USER_0356,SKU_00567,54.96,Bank Transfer,Germany,19,0
TXN_001815,USER_0217,SKU_00939,62.81,Bank Transfer,USA,21,0
TXN_001816,USER_0297,SKU_00996,76.77,Bank Transfer,Canada,22,0
TXN_001817,USER_0449,SKU_00110,32.23,PayPal,France,5,0
TXN_001818,USER_0453,SKU_00149,88.7,Credit Card,Canada,20,0
TXN_001819,USER_0489,SKU_00406,119.12,Credit Card,France,13,0
TXN_001820,USER_0404,SKU_00777,236.24,Credit Card,USA,11,0
TXN_001821,USER_0453,SKU_00674,75.07,Cash,Germany,17,0
TXN_001822,USER_0420,SKU_00699,31.32,Cash,France,11,0
TXN_001823,USER_0477,SKU_00410,49.26,Cash,Germany,6,0
TXN_001824,USER_0240,SKU_00129,17.41,Bank Transfer,UK,4,0
TXN_001825,USER_0226,SKU_00484,113.0,Credit Card,UK,11,0
TXN_001826,USER_0186,SKU_00108,6.96,Bank Transfer,USA,8,0
TXN_001827,USER_0048,SKU_00389,152.12,PayPal,USA,10,0
TXN_001828,USER_0466,SKU_00425,171.63,Credit Card,Australia,3,0
TXN_001829,USER_0386,SKU_00447,2.91,PayPal,USA,13,0
TXN_001830,USER_0208,SKU_00918,195.45,PayPal,UK,11,0
TXN_001831,USER_0157,SKU_00068,152.52,Bank Transfer,France,17,0
TXN_001832,USER_0225,SKU_00944,40.85,Credit Card,Canada,6,0
TXN_001833,USER_0144,SKU_00066,16.58,PayPal,USA,22,0
TXN_001834,USER_0419,SKU_00656,23.62,Credit Card,Canada,0,0
TXN_001835,USER_0111,SKU_00976,25.57,PayPal,Canada,12,0
TXN_001836,USER_0318,SKU_00565,203.58,PayPal,UK,15,0
TXN_001837,USER_0363,SKU_00640,34.85,Bank Transfer,Australia,4,0
TXN_001838,USER_0362,SKU_00504,135.01,Credit Card,France,18,0
TXN_001839,USER_0465,SKU_00504,48.23,Bank Transfer,UK,8,0
TXN_001840,USER_0132,SKU_00982,57.69,Bank Transfer,USA,22,0
TXN_001841,USER_0113,SKU_00321,11.34,Bank Transfer,UK,8,0
TXN_001842,USER_0324,SKU_00719,17.34,Bank Transfer,UK,11,0
TXN_001843,USER_0435,SKU_00832,198.96,Bank Transfer,UK,17,0
TXN_001844,USER_0089,SKU_00728,46.72,PayPal,USA,23,0
TXN_001845,USER_0161,SKU_00580,73.75,Credit Card,USA,9,0
TXN_001846,USER_0334,SKU_00447,332.41,Credit Card,UK,16,0
TXN_001847,USER_0408,SKU_00574,48.06,Bank Transfer,UK,18,0
TXN_001848,USER_0075,SKU_00210,45.41,Credit Card,Canada,23,0
TXN_001849,USER_0281,SKU_00849,182.38,PayPal,France,10,0
TXN_001850,USER_0412,SKU_00839,55.28,Bank Transfer,Canada,15,0
TXN_001851,USER_0007,SKU_00370,75.19,Cash,Australia,7,0
TXN_001852,USER_0113,SKU_00941,147.94,Cash,France,23,0
TXN_001853,USER_0036,SKU_00564,54.6,PayPal,Australia,14,0
TXN_001854,USER_0266,SKU_00628,120.01,PayPal,France,10,0
TXN_001855,USER_0113,SKU_00893,48.63,Cash,UK,6,0
TXN_001856,USER_0292,SKU_00458,145.64,Bank Transfer,Canada,1,0
TXN_001857,USER_0223,SKU_00895,83.21,PayPal,France,18,0
TXN_001858,USER_0211,SKU_00577,43.58,Cash,Australia,8,0
TXN_001859,USER_0018,SKU_00642,58.81,Bank Transfer,France,17,0
TXN_001860,USER_0241,SKU_00689,4.74,PayPal,USA,12,0
TXN_001861,USER_0134,SKU_00790,180.15,Credit Card,France,22,0
TXN_001862,USER_0220,SKU_00992,15.57,Credit Card,UK,0,0
TXN_001863,USER_0391,SKU_00925,18.74,Credit Card,Germany,18,0
TXN_001864,USER_0102,SKU_00163,35.23,Bank Transfer,USA,12,0
TXN_001865,USER_0140,SKU_00977,9.09,PayPal,Germany,13,0
TXN_001866,USER_0169,SKU_00332,87.15,Cash,UK,16,0
TXN_001867,USER_0498,SKU_00664,78.34,PayPal,Germany,21,0
TXN_001868,USER_0191,SKU_00350,33.56,Credit Card,France,19,0
TXN_001869,USER_0482,SKU_00748,27.71,Credit Card,Germany,0,0
TXN_001870,USER_0025,SKU_00670,54.58,Bank Transfer,Canada,4,1
TXN_001871,USER_0465,SKU_00468,100.97,Cash,UK,19,0
TXN_001872,USER_0437,SKU_00426,11.09,Bank Transfer,Canada,13,0
TXN_001873,USER_0033,SKU_00327,36.27,Cash,Germany,17,0
TXN_001874,USER_0343,SKU_00106,11.83,PayPal,Canada,12,0
TXN_001875,USER_0329,SKU_00818,117.77,Bank Transfer,USA,22,0
TXN_001876,USER_0006,SKU_00255,39.01,Bank Transfer,Germany,11,0
TXN_001877,USER_0446,SKU_00358,94.33,Bank Transfer,Australia,14,0
TXN_001878,USER_0194,SKU_00967,380.96,Credit Card,Canada,23,1
TXN_001879,USER_0230,SKU_00444,193.72,Credit Card,France,3,0
TXN_001880,USER_0137,SKU_00113,19.65,Cash,Germany,8,0
TXN_001881,USER_0323,SKU_00030,74.4,PayPal,Australia,2,0
TXN_001882,USER_0400,SKU_00524,167.57,Bank Transfer,USA,21,0
TXN_001883,USER_0473,SKU_00689,109.56,Credit Card,France,10,0
TXN_001884,USER_0216,SKU_00991,120.94,Bank Transfer,Germany,14,0
TXN_001885,USER_0495,SKU_00850,18.36,Cash,France,15,1
TXN_001886,USER_0349,SKU_00046,107.89,Cash,Germany,6,0
TXN_001887,USER_0364,SKU_00171,24.71,PayPal,Germany,6,0
TXN_001888,USER_0183,SKU_00130,106.13,Cash,UK,21,0
TXN_001889,USER_0168,SKU_00757,103.84,Bank Transfer,Canada,8,0
TXN_001890,USER_0282,SKU_00353,98.49,PayPal,Germany,16,0
TXN_001891,USER_0038,SKU_00203,48.88,PayPal,USA,12,0
TXN_001892,USER_0163,SKU_00226,203.59,Credit Card,Australia,8,0
TXN_001893,USER_0471,SKU_00080,90.95,Bank Transfer,Canada,8,0
TXN_001894,USER_0452,SKU_00310,75.3,Cash,UK,19,0
TXN_001895,USER_0443,SKU_00035,21.45,Credit Card,Canada,11,0
TXN_001896,USER_0490,SKU_00564,81.13,Bank Transfer,Canada,20,0
TXN_001897,USER_0142,SKU_00161,394.93,Bank Transfer,Germany,18,0
TXN_001898,USER_0248,SKU_00981,27.2,PayPal,USA,22,1
TXN_001899,USER_0431,SKU_00596,113.31,PayPal,Germany,14,0
TXN_001900,USER_0103,SKU_00840,128.54,Bank Transfer,USA,17,0
TXN_001901,USER_0199,SKU_00435,306.59,Credit Card,USA,7,0
TXN_001902,USER_0200,SKU_00538,112.81,PayPal,France,5,0
TXN_001903,USER_0042,SKU_00225,55.18,PayPal,Germany,5,0
TXN_001904,USER_0435,SKU_00446,83.31,Bank Transfer,UK,2,0
TXN_001905,USER_0147,SKU_00317,41.76,Bank Transfer,Australia,2,0
TXN_001906,USER_0066,SKU_00666,184.8,PayPal,Canada,1,0
TXN_001907,USER_0431,SKU_00805,11.6,Credit Card,France,4,0
TXN_001908,USER_0193,SKU_00414,33.52,PayPal,UK,19,0
TXN_001909,USER_0298,SKU_00095,85.3,Bank Transfer,Australia,11,0
TXN_001910,USER_0038,SKU_00225,352.16,PayPal,Australia,5,1
TXN_001911,USER_0141,SKU_00779,53.85,Bank Transfer,Germany,15,0
TXN_001912,USER_0106,SKU_00949,24.97,PayPal,USA,4,0
TXN_001913,USER_0428,SKU_00553,44.22,Bank Transfer,Germany,5,0
TXN_001914,USER_0152,SKU_00645,37.83,Bank Transfer,Australia,3,0
TXN_001915,USER_0352,SKU_00066,39.61,Credit Card,Germany,13,0
TXN_001916,USER_0414,SKU_00397,35.33,Bank Transfer,France,2,0
TXN_001917,USER_0326,SKU_00959,35.35,PayPal,UK,16,0
TXN_001918,USER_0038,SKU_00210,9.82,Bank Transfer,Australia,4,0
TXN_001919,USER_0097,SKU_00474,73.71,Cash,France,21,0
TXN_001920,USER_0108,SKU_00665,107.2,PayPal,UK,20,0
TXN_001921,USER_0119,SKU_00684,244.3,Credit Card,France,20,0
TXN_001922,USER_0151,SKU_00910,129.08,PayPal,Canada,5,0
TXN_001923,USER_0074,SKU_00837,122.65,Credit Card,USA,19,0
TXN_001924,USER_0057,SKU_00571,73.41,Cash,USA,3,0
TXN_001925,USER_0366,SKU_00696,9.37,Credit Card,USA,12,0
TXN_001926,USER_0335,SKU_00490,72.25,Bank Transfer,Canada,7,0
TXN_001927,USER_0252,SKU_00180,61.09,Cash,Australia,10,0
TXN_001928,USER_0407,SKU_00834,152.91,Cash,Australia,23,0
TXN_001929,USER_0292,SKU_00836,96.3,Credit Card,Canada,18,0
TXN_001930,USER_0313,SKU_00524,47.95,PayPal,USA,22,0
TXN_001931,USER_0255,SKU_00459,386.89,Credit Card,USA,4,0
TXN_001932,USER_0254,SKU_00068,127.54,Credit Card,UK,4,0
TXN_001933,USER_0385,SKU_00939,76.7,Cash,UK,2,0
TXN_001934,USER_0456,SKU_00329,86.08,Bank Transfer,Germany,1,0
TXN_001935,USER_0259,SKU_00202,58.04,PayPal,France,2,0
TXN_001936,USER_0270,SKU_00475,55.51,Credit Card,UK,14,0
TXN_001937,USER_0465,SKU_00518,6.23,Bank Transfer,UK,6,0
TXN_001938,USER_0034,SKU_00015,21.87,Bank Transfer,UK,2,0
TXN_001939,USER_0495,SKU_00042,31.79,PayPal,UK,14,0
TXN_001940,USER_0326,SKU_00543,85.68,Bank Transfer,Canada,10,0
TXN_001941,USER_0325,SKU_00982,10.47,Credit Card,Germany,15,0
TXN_001942,USER_0238,SKU_00693,32.42,Cash,UK,12,0
TXN_001943,USER_0179,SKU_00774,28.52,Bank Transfer,Australia,1,0
TXN_001944,USER_0489,SKU_00289,61.36,Cash,France,19,0
TXN_001945,USER_0104,SKU_00925,85.89,PayPal,UK,11,0
TXN_001946,USER_0029,SKU_00533,28.62,PayPal,Canada,20,0
TXN_001947,USER_0227,SKU_00892,30.76,Bank Transfer,Australia,6,0
TXN_001948,USER_0466,SKU_00694,55.3,Cash,USA,0,1
TXN_001949,USER_0232,SKU_00696,73.92,Credit Card,USA,13,1
TXN_001950,USER_0304,SKU_00244,51.88,Cash,Germany,23,0
TXN_001951,USER_0350,SKU_00862,203.39,Bank Transfer,USA,9,0
TXN_001952,USER_0335,SKU_00661,19.84,Cash,UK,2,0
TXN_001953,USER_0117,SKU_00768,314.46,Cash,Canada,10,0
TXN_001954,USER_0207,SKU_00612,15.9,PayPal,Germany,21,0
TXN_001955,USER_0400,SKU_00567,141.83,Bank Transfer,Australia,19,0
TXN_001956,USER_0185,SKU_00698,33.93,Cash,UK,20,0
TXN_001957,USER_0481,SKU_00832,21.96,Bank Transfer,USA,14,0
TXN_001958,USER_0138,SKU_00598,203.75,Credit Card,France,5,0
TXN_001959,USER_0403,SKU_00174,59.25,Bank Transfer,UK,17,0
TXN_001960,USER_0485,SKU_00980,57.02,Credit Card,France,12,0
TXN_001961,USER_0498,SKU_00534,41.39,Bank Transfer,Australia,14,0
TXN_001962,USER_0323,SKU_00509,30.52,Bank Transfer,France,2,0
TXN_001963,USER_0164,SKU_00244,45.75,Cash,Australia,14,0
TXN_001964,USER_0388,SKU_00060,2.17,Cash,Germany,23,0
TXN_001965,USER_0075,SKU_00104,8.55,Credit Card,Canada,23,0
TXN_001966,USER_0233,SKU_00651,80.83,Credit Card,USA,0,0
TXN_001967,USER_0417,SKU_00303,178.18,PayPal,USA,9,0
TXN_001968,USER_0284,SKU_00671,213.48,Cash,UK,23,0
TXN_001969,USER_0480,SKU_00744,20.97,Credit Card,USA,17,0
TXN_001970,USER_0377,SKU_00077,66.21,Cash,Germany,7,0
TXN_001971,USER_0255,SKU_00018,6.09,Bank Transfer,USA,11,0
TXN_001972,USER_0464,SKU_00534,38.42,PayPal,UK,4,0
TXN_001973,USER_0009,SKU_00184,124.42,Cash,USA,0,0
TXN_001974,USER_0203,SKU_00657,53.65,Cash,Canada,7,0
TXN_001975,USER_0390,SKU_00550,39.18,Cash,Australia,4,0
TXN_001976,USER_0379,SKU_00281,53.88,Cash,France,16,0
TXN_001977,USER_0305,SKU_00288,196.93,Credit Card,France,14,0
TXN_001978,USER_0091,SKU_00655,42.75,Credit Card,Australia,3,0
TXN_001979,USER_0381,SKU_00525,58.71,PayPal,France,12,0
TXN_001980,USER_0332,SKU_00698,249.48,Bank Transfer,Canada,16,0
TXN_001981,USER_0150,SKU_00474,43.45,Bank Transfer,Germany,12,0
TXN_001982,USER_0360,SKU_00946,10.63,PayPal,UK,1,0
TXN_001983,USER_0176,SKU_00267,214.52,Bank Transfer,Canada,23,0
TXN_001984,USER_0485,SKU_00781,150.75,Credit Card,UK,3,0
TXN_001985,USER_0405,SKU_00609,5.95,Cash,Germany,1,0
TXN_001986,USER_0033,SKU_00946,47.93,Bank Transfer,Canada,11,0
TXN_001987,USER_0465,SKU_00357,53.4,Cash,USA,18,0
TXN_001988,USER_0184,SKU_00806,214.57,Cash,Germany,17,0
TXN_001989,USER_0157,SKU_00001,53.82,Credit Card,France,9,0
TXN_001990,USER_0053,SKU_00807,128.9,Cash,Canada,4,1
TXN_001991,USER_0296,SKU_00027,66.49,Bank Transfer,Germany,10,0
TXN_001992,USER_0202,SKU_00548,34.26,Credit Card,Germany,0,0
TXN_001993,USER_0274,SKU_00160,199.78,PayPal,Canada,2,0
TXN_001994,USER_0175,SKU_00937,24.72,Credit Card,France,16,0
TXN_001995,USER_0244,SKU_00399,33.6,Bank Transfer,Australia,14,0
TXN_001996,USER_0269,SKU_00543,54.27,Credit Card,France,13,0
TXN_001997,USER_0411,SKU_00127,14.32,Bank Transfer,Germany,23,0
TXN_001998,USER_0446,SKU_00774,319.07,Bank Transfer,UK,14,0
TXN_001999,USER_0074,SKU_00857,54.55,Credit Card,Australia,15,0
TXN_002000,USER_0096,SKU_00948,124.54,Bank Transfer,Australia,3,0
